ECONOMIA, COMERÇ I FINANCES
JUSTÍCIA I ORDRE  PÚBLIC
ESPORTS
POLÍTICA
CINEMA
FESTES I TRADICIONS
TREBALL
RELACIONS INTERNACIONALS
SOCIETAT
AGRICULTURA, RAMADERIA I PESCA
POLÍTICA | JUSTÍCIA I ORDRE  PÚBLIC
SOCIETAT | POLÍTICA
ACCIDENTS I CATÀSTROFES
MÚSICA
CULTURA
FENÒMENS NATURALS
HISTÒRIA | DEFENSA
ENSENYAMENT
TRANSPORTS I COMUNICACIONS
JUSTÍCIA I ORDRE  PÚBLIC | ESPORTS
URBANISME I HABITATGE
INDÚSTRIA
MITJANS DE COMUNICACIÓ
SOCIETAT | JUSTÍCIA I ORDRE  PÚBLIC
MEDICINA I SANITAT
MEDI AMBIENT
CONFLICTES ARMATS
CIÈNCIA I INVESTIGACIÓ
LITERATURA
ARTS
OBRES PÚBLIQUES I INFRAESTRUCTURES
MISCEL·LÀNIA
RELACIONS INTERNACIONALS | POLÍTICA
FESTES I TRADICIONS | ESPORTS
GASTRONOMIA
CINEMA | SOCIETAT
TERRORISME
POLÍTICA | TREBALL
RECURSOS TERRITORIALS
ESPECTACLES
TURISME
DEFENSA
ESPORTS | ECONOMIA, COMERÇ I FINANCES
TURISME | ECONOMIA, COMERÇ I FINANCES
POLÍTICA | SOCIETAT
JUSTÍCIA I ORDRE  PÚBLIC | POLÍTICA
URBANISME I HABITATGE | POLÍTICA
RELIGIÓ | SOCIETAT
TREBALL | MEDICINA I SANITAT
ESPORTS | MITJANS DE COMUNICACIÓ
MITJANS DE COMUNICACIÓ | MÚSICA
URBANISME I HABITATGE | SOCIETAT
SOCIETAT | TREBALL
GASTRONOMIA | FESTES I TRADICIONS
ENERGIA
RELIGIÓ
INDÚSTRIA | MEDI AMBIENT
FESTES I TRADICIONS | MITJANS DE COMUNICACIÓ
HISTÒRIA
ECONOMIA, COMERÇ I FINANCES | SOCIETAT
ECONOMIA, COMERÇ I FINANCES | POLÍTICA
MITJANS DE COMUNICACIÓ | MEDI AMBIENT
JUSTÍCIA I ORDRE  PÚBLIC | SOCIETAT
MÚSICA | FESTES I TRADICIONS
FESTES I TRADICIONS | CULTURA
TURISME | TRANSPORTS I COMUNICACIONS
ECONOMIA, COMERÇ I FINANCES | ENERGIA
FESTES I TRADICIONS | SOCIETAT
SOCIETAT | FESTES I TRADICIONS
ECONOMIA, COMERÇ I FINANCES | JUSTÍCIA I ORDRE  PÚBLIC
AGRICULTURA, RAMADERIA I PESCA | POLÍTICA
TRANSPORTS I COMUNICACIONS | ECONOMIA, COMERÇ I FINANCES
ENSENYAMENT | MEDICINA I SANITAT
POLÍTICA | AGRICULTURA, RAMADERIA I PESCA
TREBALL | SOCIETAT
TRANSPORTS I COMUNICACIONS | TREBALL
ENSENYAMENT | TREBALL
POLÍTICA | CULTURA | ECONOMIA, COMERÇ I FINANCES
MITJANS DE COMUNICACIÓ | JUSTÍCIA I ORDRE  PÚBLIC
POLÍTICA | ECONOMIA, COMERÇ I FINANCES
HISTÒRIA | JUSTÍCIA I ORDRE  PÚBLIC
POLÍTICA | ENSENYAMENT
POLÍTICA | RELACIONS INTERNACIONALS
ACCIDENTS I CATÀSTROFES | JUSTÍCIA I ORDRE  PÚBLIC
TRANSPORTS I COMUNICACIONS | JUSTÍCIA I ORDRE  PÚBLIC
MEDI AMBIENT | URBANISME I HABITATGE
ECONOMIA, COMERÇ I FINANCES | TREBALL
URBANISME I HABITATGE | ESPORTS
TRANSPORTS I COMUNICACIONS | INDÚSTRIA
MITJANS DE COMUNICACIÓ | HISTÒRIA
URBANISME I HABITATGE | JUSTÍCIA I ORDRE  PÚBLIC
ECONOMIA, COMERÇ I FINANCES | URBANISME I HABITATGE
ECONOMIA, COMERÇ I FINANCES | RELACIONS INTERNACIONALS
RELACIONS INTERNACIONALS | ECONOMIA, COMERÇ I FINANCES
TURISME | RELACIONS INTERNACIONALS
ACCIDENTS I CATÀSTROFES | ESPORTS
ESPORTS | JUSTÍCIA I ORDRE  PÚBLIC
TREBALL | JUSTÍCIA I ORDRE  PÚBLIC
JUSTÍCIA I ORDRE  PÚBLIC | TRANSPORTS I COMUNICACIONS
POLÍTICA | ACCIDENTS I CATÀSTROFES
AGRICULTURA, RAMADERIA I PESCA | RELACIONS INTERNACIONALS
MITJANS DE COMUNICACIÓ | ESPORTS
TURISME | CINEMA
ECONOMIA, COMERÇ I FINANCES | TURISME
CIÈNCIA I INVESTIGACIÓ | ENSENYAMENT
HISTÒRIA | TURISME
MEDI AMBIENT | TRANSPORTS I COMUNICACIONS
SOCIETAT | MITJANS DE COMUNICACIÓ
AGRICULTURA, RAMADERIA I PESCA | ECONOMIA, COMERÇ I FINANCES
TREBALL | TRANSPORTS I COMUNICACIONS
MEDI AMBIENT | OBRES PÚBLIQUES I INFRAESTRUCTURES
URBANISME I HABITATGE | MEDI AMBIENT
MITJANS DE COMUNICACIÓ | SOCIETAT
ESPORTS | MÚSICA
TRANSPORTS I COMUNICACIONS | SOCIETAT
POLÍTICA | INDÚSTRIA
CULTURA | MEDI AMBIENT
ACCIDENTS I CATÀSTROFES | POLÍTICA
POLÍTICA | ESPORTS
AGRICULTURA, RAMADERIA I PESCA | MEDI AMBIENT
SOCIETAT | URBANISME I HABITATGE
FESTES I TRADICIONS | POLÍTICA
ENSENYAMENT | OBRES PÚBLIQUES I INFRAESTRUCTURES
ECONOMIA, COMERÇ I FINANCES | ESPORTS
ACCIDENTS I CATÀSTROFES | TRANSPORTS I COMUNICACIONS
MEDICINA I SANITAT | JUSTÍCIA I ORDRE  PÚBLIC
ENSENYAMENT | CINEMA
CULTURA | JUSTÍCIA I ORDRE  PÚBLIC
POLÍTICA | MEDICINA I SANITAT
OBRES PÚBLIQUES I INFRAESTRUCTURES | JUSTÍCIA I ORDRE  PÚBLIC
ENSENYAMENT | CIÈNCIA I INVESTIGACIÓ
FESTES I TRADICIONS | ENSENYAMENT
RELIGIÓ | JUSTÍCIA I ORDRE  PÚBLIC
CULTURA | ARTS
MITJANS DE COMUNICACIÓ | MEDICINA I SANITAT
HISTÒRIA | POLÍTICA
SOCIETAT | TURISME
FESTES I TRADICIONS | MÚSICA
MEDICINA I SANITAT | CIÈNCIA I INVESTIGACIÓ
POLÍTICA | HISTÒRIA
INDÚSTRIA | TRANSPORTS I COMUNICACIONS
RELACIONS INTERNACIONALS | CONFLICTES ARMATS
OBRES PÚBLIQUES I INFRAESTRUCTURES | MEDI AMBIENT
FENÒMENS NATURALS | ACCIDENTS I CATÀSTROFES
ESPORTS | TRANSPORTS I COMUNICACIONS
OBRES PÚBLIQUES I INFRAESTRUCTURES | TRANSPORTS I COMUNICACIONS
SOCIETAT | RELIGIÓ
SOCIETAT | ESPORTS
JUSTÍCIA I ORDRE  PÚBLIC | POLÍTICA | DEFENSA
ECONOMIA, COMERÇ I FINANCES | TURISME | POLÍTICA
ESPORTS | SOCIETAT
MEDICINA I SANITAT | TREBALL
OBRES PÚBLIQUES I INFRAESTRUCTURES | POLÍTICA
SOCIETAT | JUSTÍCIA I ORDRE  PÚBLIC | ENSENYAMENT
POLÍTICA | SOCIETAT | JUSTÍCIA I ORDRE  PÚBLIC
SOCIETAT | TREBALL | JUSTÍCIA I ORDRE  PÚBLIC
OBRES PÚBLIQUES I INFRAESTRUCTURES | SOCIETAT
SOCIETAT | JUSTÍCIA I ORDRE  PÚBLIC | TREBALL
POLÍTICA | ENERGIA
ARTS | MITJANS DE COMUNICACIÓ
ARTS | SOCIETAT
MEDICINA I SANITAT | POLÍTICA
ESPORTS | CULTURA
RELIGIÓ | LITERATURA
LITERATURA | RELIGIÓ
TRANSPORTS I COMUNICACIONS | DEFENSA
SOCIETAT | MEDI AMBIENT
CULTURA | MITJANS DE COMUNICACIÓ
CULTURA | ESPORTS
CIÈNCIA I INVESTIGACIÓ | MITJANS DE COMUNICACIÓ
POLÍTICA | TRANSPORTS I COMUNICACIONS
ENSENYAMENT | SOCIETAT
MITJANS DE COMUNICACIÓ | POLÍTICA
TREBALL | INDÚSTRIA
SOCIETAT | MEDICINA I SANITAT
POLÍTICA | MEDI AMBIENT
TREBALL | POLÍTICA
SOCIETAT | HISTÒRIA
ENSENYAMENT | MEDI AMBIENT
AGRICULTURA, RAMADERIA I PESCA | FENÒMENS NATURALS
FENÒMENS NATURALS | FESTES I TRADICIONS
SOCIETAT | OBRES PÚBLIQUES I INFRAESTRUCTURES
JUSTÍCIA I ORDRE  PÚBLIC | RELACIONS INTERNACIONALS
INDÚSTRIA | TREBALL
DEFENSA | POLÍTICA
LITERATURA | SOCIETAT
MEDI AMBIENT | JUSTÍCIA I ORDRE  PÚBLIC
MEDI AMBIENT | ARTS
TURISME | CULTURA
HISTÒRIA | ECONOMIA, COMERÇ I FINANCES
GASTRONOMIA | CINEMA
MEDICINA I SANITAT | ESPORTS
MEDI AMBIENT | LITERATURA
MEDICINA I SANITAT | AGRICULTURA, RAMADERIA I PESCA
JUSTÍCIA I ORDRE  PÚBLIC | MEDI AMBIENT
POLÍTICA | DEFENSA
SOCIETAT | CULTURA
FESTES I TRADICIONS | JUSTÍCIA I ORDRE  PÚBLIC
POLÍTICA | MITJANS DE COMUNICACIÓ
CIÈNCIA I INVESTIGACIÓ | URBANISME I HABITATGE
DEFENSA | POLÍTICA | JUSTÍCIA I ORDRE  PÚBLIC
ESPECTACLES | MITJANS DE COMUNICACIÓ
RELIGIÓ | POLÍTICA
JUSTÍCIA I ORDRE  PÚBLIC | FESTES I TRADICIONS
TREBALL | ACCIDENTS I CATÀSTROFES
AGRICULTURA, RAMADERIA I PESCA | TURISME
ESPORTS | TURISME
SOCIETAT | TRANSPORTS I COMUNICACIONS
MÚSICA | JUSTÍCIA I ORDRE  PÚBLIC
DEFENSA | JUSTÍCIA I ORDRE  PÚBLIC
SOCIETAT | CINEMA
JUSTÍCIA I ORDRE  PÚBLIC | MITJANS DE COMUNICACIÓ
RELIGIÓ | FESTES I TRADICIONS
FESTES I TRADICIONS | RELIGIÓ
RELIGIÓ | FENÒMENS NATURALS | FESTES I TRADICIONS
FESTES I TRADICIONS | RELIGIÓ | FENÒMENS NATURALS
FENÒMENS NATURALS | ESPORTS
FENÒMENS NATURALS | TURISME
ENSENYAMENT | POLÍTICA
POLÍTICA | CULTURA
CULTURA | SOCIETAT
URBANISME I HABITATGE | TURISME
ESPORTS | FESTES I TRADICIONS
ESPORTS | ACCIDENTS I CATÀSTROFES
SOCIETAT | GASTRONOMIA
ARTS | INDÚSTRIA
LITERATURA | ECONOMIA, COMERÇ I FINANCES
LITERATURA | CULTURA
JUSTÍCIA I ORDRE  PÚBLIC | TREBALL
JUSTÍCIA I ORDRE  PÚBLIC | URBANISME I HABITATGE
ECONOMIA, COMERÇ I FINANCES | INDÚSTRIA
TREBALL | ENSENYAMENT
MÚSICA | MEDI AMBIENT
AGRICULTURA, RAMADERIA I PESCA | FESTES I TRADICIONS
HISTÒRIA | FESTES I TRADICIONS
ECONOMIA, COMERÇ I FINANCES | LITERATURA
CULTURA | POLÍTICA
ECONOMIA, COMERÇ I FINANCES | MEDI AMBIENT
CULTURA | TURISME
ESPORTS | MEDICINA I SANITAT
JUSTÍCIA I ORDRE  PÚBLIC | CONFLICTES ARMATS
ESPECTACLES | CULTURA
RELIGIÓ | MEDICINA I SANITAT
TERRORISME | CONFLICTES ARMATS
JUSTÍCIA I ORDRE  PÚBLIC | MEDICINA I SANITAT
JUSTÍCIA I ORDRE  PÚBLIC | ENSENYAMENT
TURISME | ARTS
TREBALL | ECONOMIA, COMERÇ I FINANCES
TERRORISME | JUSTÍCIA I ORDRE  PÚBLIC
CONFLICTES ARMATS | SOCIETAT
JUSTÍCIA I ORDRE  PÚBLIC | TERRORISME
ENSENYAMENT | JUSTÍCIA I ORDRE  PÚBLIC
AGRICULTURA, RAMADERIA I PESCA | TREBALL
TREBALL | AGRICULTURA, RAMADERIA I PESCA
CIÈNCIA I INVESTIGACIÓ | MEDICINA I SANITAT
TREBALL | TURISME
AGRICULTURA, RAMADERIA I PESCA | CIÈNCIA I INVESTIGACIÓ
MEDI AMBIENT | ECONOMIA, COMERÇ I FINANCES
TRANSPORTS I COMUNICACIONS | ACCIDENTS I CATÀSTROFES
CONFLICTES ARMATS | HISTÒRIA
URBANISME I HABITATGE | ECONOMIA, COMERÇ I FINANCES
SOCIETAT | RELACIONS INTERNACIONALS
MEDI AMBIENT | CIÈNCIA I INVESTIGACIÓ
HISTÒRIA | CULTURA
ARTS | ECONOMIA, COMERÇ I FINANCES
CIÈNCIA I INVESTIGACIÓ | MEDI AMBIENT
MEDICINA I SANITAT | ENSENYAMENT
ACCIDENTS I CATÀSTROFES | TURISME
FESTES I TRADICIONS | TREBALL
MEDICINA I SANITAT | SOCIETAT
FENÒMENS NATURALS | CIÈNCIA I INVESTIGACIÓ
SOCIETAT | CIÈNCIA I INVESTIGACIÓ
ECONOMIA, COMERÇ I FINANCES | AGRICULTURA, RAMADERIA I PESCA
INDÚSTRIA | ECONOMIA, COMERÇ I FINANCES
FESTES I TRADICIONS | TURISME
TRANSPORTS I COMUNICACIONS | TURISME
TRANSPORTS I COMUNICACIONS | MEDICINA I SANITAT
TURISME | MEDI AMBIENT
ENERGIA | SOCIETAT
ENSENYAMENT | MITJANS DE COMUNICACIÓ
ENERGIA | MEDI AMBIENT
ACCIDENTS I CATÀSTROFES | MEDI AMBIENT
MEDI AMBIENT | ACCIDENTS I CATÀSTROFES
ESPORTS | MEDI AMBIENT
JUSTÍCIA I ORDRE  PÚBLIC | TURISME
MÚSICA | MITJANS DE COMUNICACIÓ
ENERGIA | ECONOMIA, COMERÇ I FINANCES
MITJANS DE COMUNICACIÓ | ACCIDENTS I CATÀSTROFES
MÚSICA | ECONOMIA, COMERÇ I FINANCES
MEDI AMBIENT | AGRICULTURA, RAMADERIA I PESCA
CULTURA | ECONOMIA, COMERÇ I FINANCES
CULTURA | ESPECTACLES
MÚSICA | OBRES PÚBLIQUES I INFRAESTRUCTURES
MEDI AMBIENT | TREBALL
JUSTÍCIA I ORDRE  PÚBLIC | ECONOMIA, COMERÇ I FINANCES
FESTES I TRADICIONS | ECONOMIA, COMERÇ I FINANCES
TRANSPORTS I COMUNICACIONS | OBRES PÚBLIQUES I INFRAESTRUCTURES
ESPECTACLES | ENSENYAMENT
MEDI AMBIENT | TURISME
CULTURA | MÚSICA
ESPORTS | ESPECTACLES
MEDI AMBIENT | MEDICINA I SANITAT
JUSTÍCIA I ORDRE  PÚBLIC | ACCIDENTS I CATÀSTROFES
TREBALL | MEDI AMBIENT
MÚSICA | ESPECTACLES
RELACIONS INTERNACIONALS | POLÍTICA | ECONOMIA, COMERÇ I FINANCES
TURISME | JUSTÍCIA I ORDRE  PÚBLIC
TREBALL | TRANSPORTS I COMUNICACIONS | FENÒMENS NATURALS
CIÈNCIA I INVESTIGACIÓ | AGRICULTURA, RAMADERIA I PESCA
MEDI AMBIENT | FENÒMENS NATURALS
TRANSPORTS I COMUNICACIONS | MEDI AMBIENT
ACCIDENTS I CATÀSTROFES | URBANISME I HABITATGE
MEDICINA I SANITAT | TURISME
FESTES I TRADICIONS | ACCIDENTS I CATÀSTROFES
TURISME | SOCIETAT
OBRES PÚBLIQUES I INFRAESTRUCTURES | RECURSOS TERRITORIALS
RECURSOS TERRITORIALS | JUSTÍCIA I ORDRE  PÚBLIC
AGRICULTURA, RAMADERIA I PESCA | OBRES PÚBLIQUES I INFRAESTRUCTURES
OBRES PÚBLIQUES I INFRAESTRUCTURES | AGRICULTURA, RAMADERIA I PESCA
RELIGIÓ | ESPORTS
ESPORTS | RELIGIÓ
JUSTÍCIA I ORDRE  PÚBLIC | MÚSICA
ENERGIA | AGRICULTURA, RAMADERIA I PESCA
ESPECTACLES | FENÒMENS NATURALS
ACCIDENTS I CATÀSTROFES | RELACIONS INTERNACIONALS
TAUROMÀQUIA
JUSTÍCIA I ORDRE  PÚBLIC | RELIGIÓ
TAUROMÀQUIA | SOCIETAT
ECONOMIA, COMERÇ I FINANCES | SOCIETAT | POLÍTICA
GASTRONOMIA | SOCIETAT
INDÚSTRIA | ECONOMIA, COMERÇ I FINANCES | TURISME
ECONOMIA, COMERÇ I FINANCES | TURISME | INDÚSTRIA
RELACIONS INTERNACIONALS | DEFENSA
URBANISME I HABITATGE | OBRES PÚBLIQUES I INFRAESTRUCTURES
ACCIDENTS I CATÀSTROFES | FENÒMENS NATURALS
TRANSPORTS I COMUNICACIONS | FENÒMENS NATURALS
MITJANS DE COMUNICACIÓ | FENÒMENS NATURALS | ACCIDENTS I CATÀSTROFES
ENSENYAMENT | FENÒMENS NATURALS
FENÒMENS NATURALS | TRANSPORTS I COMUNICACIONS
ESPORTS | FENÒMENS NATURALS
ENSENYAMENT | ACCIDENTS I CATÀSTROFES
POLÍTICA | URBANISME I HABITATGE
AGRICULTURA, RAMADERIA I PESCA | ACCIDENTS I CATÀSTROFES
TRANSPORTS I COMUNICACIONS | ESPORTS
ESPORTS | URBANISME I HABITATGE
ACCIDENTS I CATÀSTROFES | ECONOMIA, COMERÇ I FINANCES
TREBALL | ECONOMIA, COMERÇ I FINANCES | ACCIDENTS I CATÀSTROFES
SOCIETAT | CONFLICTES ARMATS
URBANISME I HABITATGE | TRANSPORTS I COMUNICACIONS
POLÍTICA | ECONOMIA, COMERÇ I FINANCES | ACCIDENTS I CATÀSTROFES
ESPORTS | FENÒMENS NATURALS | ACCIDENTS I CATÀSTROFES
POLÍTICA | RELIGIÓ
CULTURA | FESTES I TRADICIONS
POLÍTICA | OBRES PÚBLIQUES I INFRAESTRUCTURES
JUSTÍCIA I ORDRE  PÚBLIC | AGRICULTURA, RAMADERIA I PESCA | OBRES PÚBLIQUES I INFRAESTRUCTURES
OBRES PÚBLIQUES I INFRAESTRUCTURES | AGRICULTURA, RAMADERIA I PESCA | JUSTÍCIA I ORDRE  PÚBLIC
SOCIETAT | MEDI AMBIENT | JUSTÍCIA I ORDRE  PÚBLIC
MEDI AMBIENT | MITJANS DE COMUNICACIÓ | JUSTÍCIA I ORDRE  PÚBLIC
FESTES I TRADICIONS | ESPECTACLES
ACCIDENTS I CATÀSTROFES | SOCIETAT
CIÈNCIA I INVESTIGACIÓ | ECONOMIA, COMERÇ I FINANCES
MEDI AMBIENT | JUSTÍCIA I ORDRE  PÚBLIC | ENERGIA
POLÍTICA | MEDI AMBIENT | JUSTÍCIA I ORDRE  PÚBLIC
JUSTÍCIA I ORDRE  PÚBLIC | ENERGIA
ENERGIA | JUSTÍCIA I ORDRE  PÚBLIC
ESPECTACLES | MÚSICA
MEDI AMBIENT | SOCIETAT
OBRES PÚBLIQUES I INFRAESTRUCTURES | SOCIETAT | MEDI AMBIENT
MEDI AMBIENT | OBRES PÚBLIQUES I INFRAESTRUCTURES | TRANSPORTS I COMUNICACIONS
ENERGIA | JUSTÍCIA I ORDRE  PÚBLIC | MEDI AMBIENT
ESPORTS | ESPORTS
ACCIDENTS I CATÀSTROFES | FENÒMENS NATURALS | TRANSPORTS I COMUNICACIONS
CIÈNCIA I INVESTIGACIÓ | ESPORTS
INDÚSTRIA | SOCIETAT
ESPORTS | RELACIONS INTERNACIONALS
OBRES PÚBLIQUES I INFRAESTRUCTURES | URBANISME I HABITATGE
TREBALL | SOCIETAT | FESTES I TRADICIONS
POLÍTICA | FESTES I TRADICIONS
RELACIONS INTERNACIONALS | SOCIETAT
HISTÒRIA | ARTS
MITJANS DE COMUNICACIÓ | FESTES I TRADICIONS
JUSTÍCIA I ORDRE  PÚBLIC | CINEMA
MEDICINA I SANITAT | GASTRONOMIA
GASTRONOMIA | MEDICINA I SANITAT
SOCIETAT | ACCIDENTS I CATÀSTROFES
TURISME | ESPORTS
JUSTÍCIA I ORDRE  PÚBLIC | CIÈNCIA I INVESTIGACIÓ
CINEMA | HISTÒRIA
TERRORISME | RELIGIÓ
CULTURA | CINEMA
POLÍTICA | ACCIDENTS I CATÀSTROFES | SOCIETAT
POLÍTICA | CIÈNCIA I INVESTIGACIÓ
ECONOMIA, COMERÇ I FINANCES | URBANISME I HABITATGE | MEDI AMBIENT
MEDICINA I SANITAT | MEDI AMBIENT
ENSENYAMENT | ESPORTS
ESPORTS | TREBALL
POLÍTICA | POLÍTICA
TRANSPORTS I COMUNICACIONS | SOCIETAT | CIÈNCIA I INVESTIGACIÓ
INDÚSTRIA | GASTRONOMIA
CONFLICTES ARMATS | JUSTÍCIA I ORDRE  PÚBLIC
SOCIETAT | ENSENYAMENT
GASTRONOMIA | ENSENYAMENT
MEDI AMBIENT | POLÍTICA
MEDI AMBIENT | ENERGIA | RECURSOS TERRITORIALS
ENERGIA | FENÒMENS NATURALS
RECURSOS TERRITORIALS | ENERGIA
MEDI AMBIENT | CULTURA
URBANISME I HABITATGE | RELIGIÓ
FENÒMENS NATURALS | MEDI AMBIENT
ARTS | MEDI AMBIENT
RECURSOS TERRITORIALS | TURISME
GASTRONOMIA | MEDI AMBIENT
ESPORTS | ENSENYAMENT
SOCIETAT | ECONOMIA, COMERÇ I FINANCES
JUSTÍCIA I ORDRE  PÚBLIC | ARTS
AGRICULTURA, RAMADERIA I PESCA | INDÚSTRIA | TRANSPORTS I COMUNICACIONS | RECURSOS TERRITORIALS
SOCIETAT | AGRICULTURA, RAMADERIA I PESCA
SOCIETAT | POLÍTICA | CULTURA
MEDICINA I SANITAT | MITJANS DE COMUNICACIÓ
DEFENSA | ACCIDENTS I CATÀSTROFES
CINEMA | JUSTÍCIA I ORDRE  PÚBLIC
HISTÒRIA | SOCIETAT
TRANSPORTS I COMUNICACIONS | FESTES I TRADICIONS
SOCIETAT | FESTES I TRADICIONS | GASTRONOMIA
ECONOMIA, COMERÇ I FINANCES | FESTES I TRADICIONS
AGRICULTURA, RAMADERIA I PESCA | INDÚSTRIA
FESTES I TRADICIONS | TRANSPORTS I COMUNICACIONS
TURISME | ACCIDENTS I CATÀSTROFES
FESTES I TRADICIONS | GASTRONOMIA
CULTURA | OBRES PÚBLIQUES I INFRAESTRUCTURES
LITERATURA | JUSTÍCIA I ORDRE  PÚBLIC
ESPORTS | POLÍTICA
MEDICINA I SANITAT | SOCIETAT | JUSTÍCIA I ORDRE  PÚBLIC
ENERGIA | TRANSPORTS I COMUNICACIONS
ENSENYAMENT | RELIGIÓ
JUSTÍCIA I ORDRE  PÚBLIC | AGRICULTURA, RAMADERIA I PESCA
TRANSPORTS I COMUNICACIONS | MITJANS DE COMUNICACIÓ
ENSENYAMENT | TRANSPORTS I COMUNICACIONS
URBANISME I HABITATGE | POLÍTICA | HISTÒRIA
RELIGIÓ | OBRES PÚBLIQUES I INFRAESTRUCTURES
JUSTÍCIA I ORDRE  PÚBLIC | RELIGIÓ | ARTS
CIÈNCIA I INVESTIGACIÓ | INDÚSTRIA
TRANSPORTS I COMUNICACIONS | POLÍTICA
TREBALL | CIÈNCIA I INVESTIGACIÓ
ARTS | MÚSICA
MEDICINA I SANITAT | TRANSPORTS I COMUNICACIONS
RELIGIÓ | ECONOMIA, COMERÇ I FINANCES
RELACIONS INTERNACIONALS | JUSTÍCIA I ORDRE  PÚBLIC
MÚSICA | ESPORTS
ENSENYAMENT | MÚSICA
SOCIETAT | FENÒMENS NATURALS
TURISME | URBANISME I HABITATGE
RELIGIÓ | ARTS
ECONOMIA, COMERÇ I FINANCES | ENSENYAMENT
ENSENYAMENT | ECONOMIA, COMERÇ I FINANCES
TREBALL | DEFENSA
INDÚSTRIA | POLÍTICA
FENÒMENS NATURALS | SOCIETAT
ENERGIA | INDÚSTRIA
INDÚSTRIA | ENERGIA
RECURSOS TERRITORIALS | MEDI AMBIENT
OBRES PÚBLIQUES I INFRAESTRUCTURES | INDÚSTRIA
ESPORTS | ARTS
URBANISME I HABITATGE | MÚSICA
TURISME | FESTES I TRADICIONS
CONFLICTES ARMATS | RELIGIÓ
MEDI AMBIENT | URBANISME I HABITATGE | INDÚSTRIA
URBANISME I HABITATGE | ARTS
ACCIDENTS I CATÀSTROFES | FESTES I TRADICIONS
ECONOMIA, COMERÇ I FINANCES | CULTURA
CONFLICTES ARMATS | TERRORISME
OBRES PÚBLIQUES I INFRAESTRUCTURES | MEDICINA I SANITAT
SOCIETAT | RECURSOS TERRITORIALS
ESPORTS | OBRES PÚBLIQUES I INFRAESTRUCTURES
INDÚSTRIA | ENSENYAMENT
ENSENYAMENT | INDÚSTRIA
OBRES PÚBLIQUES I INFRAESTRUCTURES | ESPORTS
JUSTÍCIA I ORDRE  PÚBLIC | DEFENSA
MEDICINA I SANITAT | OBRES PÚBLIQUES I INFRAESTRUCTURES
TERRORISME | RELACIONS INTERNACIONALS
ESPORTS | SOCIETAT | FESTES I TRADICIONS
INDÚSTRIA | TERRORISME
CONFLICTES ARMATS | SOCIETAT | RELACIONS INTERNACIONALS
GASTRONOMIA | INDÚSTRIA
TRANSPORTS I COMUNICACIONS | URBANISME I HABITATGE
RELIGIÓ | RELACIONS INTERNACIONALS
POLÍTICA | CIÈNCIA I INVESTIGACIÓ | TREBALL
MEDICINA I SANITAT | ESPECTACLES
MÚSICA | SOCIETAT
JUSTÍCIA I ORDRE  PÚBLIC | OBRES PÚBLIQUES I INFRAESTRUCTURES | POLÍTICA
MEDICINA I SANITAT | ECONOMIA, COMERÇ I FINANCES
ECONOMIA, COMERÇ I FINANCES | TRANSPORTS I COMUNICACIONS
CIÈNCIA I INVESTIGACIÓ | ENSENYAMENT | INDÚSTRIA
ARTS | HISTÒRIA
FESTES I TRADICIONS | ARTS
ESPECTACLES | MEDICINA I SANITAT
INDÚSTRIA | MEDICINA I SANITAT | SOCIETAT
ECONOMIA, COMERÇ I FINANCES | OBRES PÚBLIQUES I INFRAESTRUCTURES | POLÍTICA
SOCIETAT | TRANSPORTS I COMUNICACIONS | ACCIDENTS I CATÀSTROFES
RECURSOS TERRITORIALS | FENÒMENS NATURALS
TREBALL | CULTURA
MITJANS DE COMUNICACIÓ | FENÒMENS NATURALS
RECURSOS TERRITORIALS | HISTÒRIA
MEDICINA I SANITAT | ENSENYAMENT | DEFENSA
MEDI AMBIENT | MÚSICA
TURISME | AGRICULTURA, RAMADERIA I PESCA
TREBALL | ECONOMIA, COMERÇ I FINANCES | TRANSPORTS I COMUNICACIONS
POLÍTICA | SOCIETAT | FESTES I TRADICIONS
MITJANS DE COMUNICACIÓ | CONFLICTES ARMATS
MITJANS DE COMUNICACIÓ | CULTURA
LITERATURA | MITJANS DE COMUNICACIÓ
CIÈNCIA I INVESTIGACIÓ | JUSTÍCIA I ORDRE  PÚBLIC
CULTURA | LITERATURA
POLÍTICA | CONFLICTES ARMATS
TRANSPORTS I COMUNICACIONS | AGRICULTURA, RAMADERIA I PESCA
MEDICINA I SANITAT | ACCIDENTS I CATÀSTROFES
FENÒMENS NATURALS | AGRICULTURA, RAMADERIA I PESCA | POLÍTICA
RELIGIÓ | ENSENYAMENT
CULTURA | HISTÒRIA
DEFENSA | RELACIONS INTERNACIONALS
URBANISME I HABITATGE | ACCIDENTS I CATÀSTROFES
GASTRONOMIA | MITJANS DE COMUNICACIÓ
ENERGIA | URBANISME I HABITATGE
AGRICULTURA, RAMADERIA I PESCA | MEDICINA I SANITAT
ARTS | POLÍTICA
LITERATURA | SOCIETAT | POLÍTICA
CULTURA | GASTRONOMIA
FENÒMENS NATURALS | ENSENYAMENT
LITERATURA | ESPORTS
FESTES I TRADICIONS | AGRICULTURA, RAMADERIA I PESCA
MEDI AMBIENT | ENERGIA
FESTES I TRADICIONS | MEDICINA I SANITAT
INDÚSTRIA | JUSTÍCIA I ORDRE  PÚBLIC
ACCIDENTS I CATÀSTROFES | MITJANS DE COMUNICACIÓ
FENÒMENS NATURALS | URBANISME I HABITATGE
FENÒMENS NATURALS | AGRICULTURA, RAMADERIA I PESCA
FENÒMENS NATURALS | POLÍTICA
POLÍTICA | FENÒMENS NATURALS
POLÍTICA | ACCIDENTS I CATÀSTROFES | FENÒMENS NATURALS
TURISME | POLÍTICA
ECONOMIA, COMERÇ I FINANCES | MEDICINA I SANITAT
GASTRONOMIA | ARTS
URBANISME I HABITATGE | FENÒMENS NATURALS
ACCIDENTS I CATÀSTROFES | CULTURA
FENÒMENS NATURALS | RECURSOS TERRITORIALS
RELACIONS INTERNACIONALS | ENSENYAMENT
RELACIONS INTERNACIONALS | TRANSPORTS I COMUNICACIONS
RELACIONS INTERNACIONALS | MEDICINA I SANITAT
ESPORTS | INDÚSTRIA
TRANSPORTS I COMUNICACIONS | ENSENYAMENT
HISTÒRIA | CIÈNCIA I INVESTIGACIÓ
MÚSICA | CINEMA
CIÈNCIA I INVESTIGACIÓ | SOCIETAT
MEDICINA I SANITAT | INDÚSTRIA | INDÚSTRIA
ECONOMIA, COMERÇ I FINANCES | MEDICINA I SANITAT | ACCIDENTS I CATÀSTROFES
MITJANS DE COMUNICACIÓ | ENSENYAMENT
TREBALL | RELIGIÓ
TURISME | MEDICINA I SANITAT
ACCIDENTS I CATÀSTROFES | MÚSICA
ARTS | RELIGIÓ | TURISME
CONFLICTES ARMATS | DEFENSA
HISTÒRIA | LITERATURA
CULTURA | RELIGIÓ
TURISME | ECONOMIA, COMERÇ I FINANCES | POLÍTICA
FESTES I TRADICIONS | HISTÒRIA
AGRICULTURA, RAMADERIA I PESCA | JUSTÍCIA I ORDRE  PÚBLIC
TREBALL | FESTES I TRADICIONS
TREBALL | MITJANS DE COMUNICACIÓ
MITJANS DE COMUNICACIÓ | LITERATURA
ECONOMIA, COMERÇ I FINANCES | MEDICINA I SANITAT | TREBALL
DEFENSA | CULTURA
FESTES I TRADICIONS | INDÚSTRIA
MITJANS DE COMUNICACIÓ | CINEMA
MEDICINA I SANITAT | RELIGIÓ
MEDICINA I SANITAT | FESTES I TRADICIONS
ESPECTACLES | SOCIETAT
RELIGIÓ | MEDI AMBIENT
TREBALL | ECONOMIA, COMERÇ I FINANCES | MEDICINA I SANITAT
MEDICINA I SANITAT | DEFENSA
TRANSPORTS I COMUNICACIONS | TURISME | MEDICINA I SANITAT
MÚSICA | ENSENYAMENT
MEDICINA I SANITAT | URBANISME I HABITATGE
MITJANS DE COMUNICACIÓ | TRANSPORTS I COMUNICACIONS
MEDICINA I SANITAT | RELACIONS INTERNACIONALS
INDÚSTRIA | MEDICINA I SANITAT
RELACIONS INTERNACIONALS | TRANSPORTS I COMUNICACIONS | MEDICINA I SANITAT
MEDICINA I SANITAT | MÚSICA
LITERATURA | TREBALL
DEFENSA | MEDICINA I SANITAT
SOCIETAT | MEDICINA I SANITAT | CIÈNCIA I INVESTIGACIÓ
MEDICINA I SANITAT | INDÚSTRIA
CINEMA | CULTURA
FESTES I TRADICIONS | RELIGIÓ | MEDICINA I SANITAT
SOCIETAT | MÚSICA
JUSTÍCIA I ORDRE  PÚBLIC | SOCIETAT | MEDICINA I SANITAT
TREBALL | TREBALL
POLÍTICA | SOCIETAT | MEDICINA I SANITAT
TURISME | TREBALL
MEDICINA I SANITAT | CULTURA
RELIGIÓ | MEDICINA I SANITAT | JUSTÍCIA I ORDRE  PÚBLIC
TRANSPORTS I COMUNICACIONS | MEDICINA I SANITAT | TREBALL
ARTS | CULTURA
MÚSICA | CULTURA
CULTURA | MEDICINA I SANITAT
CINEMA | MITJANS DE COMUNICACIÓ
POLÍTICA | MEDICINA I SANITAT | ECONOMIA, COMERÇ I FINANCES
POLÍTICA | TERRORISME
ARTS | MEDICINA I SANITAT
MEDICINA I SANITAT | ESPECTACLES | ENSENYAMENT
MEDICINA I SANITAT | LITERATURA
MEDICINA I SANITAT | ARTS
ARTS | TREBALL
CIÈNCIA I INVESTIGACIÓ | TURISME
TRANSPORTS I COMUNICACIONS | GASTRONOMIA
CULTURA | FESTES I TRADICIONS | RELIGIÓ
POLÍTICA | TURISME
TURISME | SOCIETAT | MEDICINA I SANITAT
FENÒMENS NATURALS | FENÒMENS NATURALS
AGRICULTURA, RAMADERIA I PESCA | MEDICINA I SANITAT | POLÍTICA
OBRES PÚBLIQUES I INFRAESTRUCTURES | TURISME
SOCIETAT | MEDICINA I SANITAT | POLÍTICA
TURISME | ECONOMIA, COMERÇ I FINANCES | TREBALL
TURISME | CIÈNCIA I INVESTIGACIÓ
CINEMA | ESPECTACLES | CULTURA
TURISME | OBRES PÚBLIQUES I INFRAESTRUCTURES
SOCIETAT | LITERATURA
URBANISME I HABITATGE | TREBALL
SOCIETAT | ARTS
INDÚSTRIA | ARTS
INDÚSTRIA | CIÈNCIA I INVESTIGACIÓ
ARTS | LITERATURA
TURISME | OBRES PÚBLIQUES I INFRAESTRUCTURES | TRANSPORTS I COMUNICACIONS
MEDICINA I SANITAT | RECURSOS TERRITORIALS
CULTURA | INDÚSTRIA
ARTS | GASTRONOMIA
OBRES PÚBLIQUES I INFRAESTRUCTURES | ENSENYAMENT
ECONOMIA, COMERÇ I FINANCES | CULTURA | SOCIETAT
ARTS | ESPORTS
POLÍTICA | TREBALL | ECONOMIA, COMERÇ I FINANCES
POLÍTICA | ECONOMIA, COMERÇ I FINANCES | TURISME
ESPECTACLES | CULTURA | MEDICINA I SANITAT
LITERATURA | CINEMA
FESTES I TRADICIONS | TAUROMÀQUIA
DEFENSA | CONFLICTES ARMATS
URBANISME I HABITATGE | MEDICINA I SANITAT
ECONOMIA, COMERÇ I FINANCES | CIÈNCIA I INVESTIGACIÓ
ECONOMIA, COMERÇ I FINANCES | GASTRONOMIA
AGRICULTURA, RAMADERIA I PESCA | TAUROMÀQUIA
JUSTÍCIA I ORDRE  PÚBLIC | ESPECTACLES
ENSENYAMENT | MEDICINA I SANITAT | JUSTÍCIA I ORDRE  PÚBLIC
ACCIDENTS I CATÀSTROFES | ACCIDENTS I CATÀSTROFES
MEDICINA I SANITAT | CONFLICTES ARMATS
ECONOMIA, COMERÇ I FINANCES | FENÒMENS NATURALS
LITERATURA | TRANSPORTS I COMUNICACIONS
CINEMA | GASTRONOMIA
OBRES PÚBLIQUES I INFRAESTRUCTURES | ACCIDENTS I CATÀSTROFES
TERRORISME | MEDICINA I SANITAT | ACCIDENTS I CATÀSTROFES
CINEMA | MEDICINA I SANITAT
CULTURA | AGRICULTURA, RAMADERIA I PESCA
ARTS | JUSTÍCIA I ORDRE  PÚBLIC
ESPORTS | SOCIETAT | MITJANS DE COMUNICACIÓ
CINEMA | CINEMA
FESTES I TRADICIONS | FESTES I TRADICIONS
ARTS | CIÈNCIA I INVESTIGACIÓ
ARTS | TURISME
GASTRONOMIA | ECONOMIA, COMERÇ I FINANCES
CINEMA | MÚSICA
ESPECTACLES | LITERATURA
RELACIONS INTERNACIONALS | AGRICULTURA, RAMADERIA I PESCA
MITJANS DE COMUNICACIÓ | TREBALL
OBRES PÚBLIQUES I INFRAESTRUCTURES | ECONOMIA, COMERÇ I FINANCES
ACTUALITAT ROSA
CONFLICTES ARMATS | MITJANS DE COMUNICACIÓ
AGRICULTURA, RAMADERIA I PESCA | AGRICULTURA, RAMADERIA I PESCA | AGRICULTURA, RAMADERIA I PESCA
TERRORISME | POLÍTICA
ACCIDENTS I CATÀSTROFES | TREBALL
JUSTÍCIA I ORDRE  PÚBLIC | JUSTÍCIA I ORDRE  PÚBLIC
CONFLICTES ARMATS | POLÍTICA
ACCIDENTS I CATÀSTROFES | TERRORISME | POLÍTICA | CIÈNCIA I INVESTIGACIÓ
TERRORISME | POLÍTICA | TREBALL | ACCIDENTS I CATÀSTROFES
TERRORISME | TURISME
FESTES I TRADICIONS | DEFENSA
ECONOMIA, COMERÇ I FINANCES | CONFLICTES ARMATS
JUSTÍCIA I ORDRE  PÚBLIC | ACCIDENTS I CATÀSTROFES | ECONOMIA, COMERÇ I FINANCES
CONFLICTES ARMATS | RELACIONS INTERNACIONALS
FENÒMENS NATURALS | OBRES PÚBLIQUES I INFRAESTRUCTURES
ACCIDENTS I CATÀSTROFES | CIÈNCIA I INVESTIGACIÓ
MITJANS DE COMUNICACIÓ | TURISME
URBANISME I HABITATGE | TERRORISME
RELACIONS INTERNACIONALS | RELACIONS INTERNACIONALS
FESTES I TRADICIONS | FENÒMENS NATURALS
CONFLICTES ARMATS | ECONOMIA, COMERÇ I FINANCES
CONFLICTES ARMATS | CONFLICTES ARMATS
CIÈNCIA I INVESTIGACIÓ | CULTURA
JUSTÍCIA I ORDRE  PÚBLIC | CULTURA
URBANISME I HABITATGE | CULTURA
RELIGIÓ | CIÈNCIA I INVESTIGACIÓ
MÚSICA | MEDICINA I SANITAT
RELACIONS INTERNACIONALS | TERRORISME
TERRORISME | ENSENYAMENT
TERRORISME | MITJANS DE COMUNICACIÓ
ESPECTACLES | JUSTÍCIA I ORDRE  PÚBLIC
TRANSPORTS I COMUNICACIONS | TERRORISME
ACCIDENTS I CATÀSTROFES | OBRES PÚBLIQUES I INFRAESTRUCTURES
ACCIDENTS I CATÀSTROFES | DEFENSA
ACCIDENTS I CATÀSTROFES | CINEMA
CINEMA | ACCIDENTS I CATÀSTROFES
POLÍTICA | CINEMA
CIÈNCIA I INVESTIGACIÓ | ARTS
RELACIONS INTERNACIONALS | CONFLICTES ARMATS | SOCIETAT
ARTS | ENSENYAMENT
OBRES PÚBLIQUES I INFRAESTRUCTURES | FENÒMENS NATURALS
MEDICINA I SANITAT | TERRORISME
ACCIDENTS I CATÀSTROFES | POLÍTICA | SOCIETAT
CONFLICTES ARMATS | MEDICINA I SANITAT
MEDICINA I SANITAT | ENERGIA
ENERGIA | ACCIDENTS I CATÀSTROFES
RELIGIÓ | CONFLICTES ARMATS
RELACIONS INTERNACIONALS | ENERGIA
INDÚSTRIA | FESTES I TRADICIONS
TRANSPORTS I COMUNICACIONS | CIÈNCIA I INVESTIGACIÓ
ACCIDENTS I CATÀSTROFES | CONFLICTES ARMATS
RELACIONS INTERNACIONALS | ESPORTS
ACCIDENTS I CATÀSTROFES | OBRES PÚBLIQUES I INFRAESTRUCTURES | ECONOMIA, COMERÇ I FINANCES
TERRORISME | URBANISME I HABITATGE
ESPORTS | LITERATURA
MEDICINA I SANITAT | ACCIDENTS I CATÀSTROFES | CIÈNCIA I INVESTIGACIÓ
TREBALL | ESPORTS
SOCIETAT | SOCIETAT | SOCIETAT | SOCIETAT
URBANISME I HABITATGE | ACCIDENTS I CATÀSTROFES | INDÚSTRIA
FENÒMENS NATURALS | ENERGIA | SOCIETAT
CIÈNCIA I INVESTIGACIÓ | TRANSPORTS I COMUNICACIONS
ACCIDENTS I CATÀSTROFES | TERRORISME
INDÚSTRIA | AGRICULTURA, RAMADERIA I PESCA
ACCIDENTS I CATÀSTROFES | ESPORTS | FENÒMENS NATURALS
AGRICULTURA, RAMADERIA I PESCA | FENÒMENS NATURALS | POLÍTICA
ACCIDENTS I CATÀSTROFES | AGRICULTURA, RAMADERIA I PESCA | FENÒMENS NATURALS
TERRORISME | CONFLICTES ARMATS | ACCIDENTS I CATÀSTROFES
SOCIETAT | INDÚSTRIA
ACCIDENTS I CATÀSTROFES | MEDICINA I SANITAT
AGRICULTURA, RAMADERIA I PESCA | FENÒMENS NATURALS | TRANSPORTS I COMUNICACIONS
TERRORISME | SOCIETAT
ENSENYAMENT | ENERGIA
ECONOMIA, COMERÇ I FINANCES | JUSTÍCIA I ORDRE  PÚBLIC | ENSENYAMENT | POLÍTICA
JUSTÍCIA I ORDRE  PÚBLIC | RELIGIÓ | SOCIETAT
ESPORTS | CINEMA
CIÈNCIA I INVESTIGACIÓ | HISTÒRIA
TERRORISME | URBANISME I HABITATGE | ECONOMIA, COMERÇ I FINANCES | RELACIONS INTERNACIONALS
ESPORTS | TERRORISME
RELIGIÓ | TRANSPORTS I COMUNICACIONS
TRANSPORTS I COMUNICACIONS | RELIGIÓ
CULTURA | TERRORISME
RELIGIÓ | MITJANS DE COMUNICACIÓ
URBANISME I HABITATGE | CIÈNCIA I INVESTIGACIÓ
MEDI AMBIENT | INDÚSTRIA
ECONOMIA, COMERÇ I FINANCES | OBRES PÚBLIQUES I INFRAESTRUCTURES
FESTES I TRADICIONS | OBRES PÚBLIQUES I INFRAESTRUCTURES
ACCIDENTS I CATÀSTROFES | INDÚSTRIA
GASTRONOMIA | TURISME
TERRORISME | DEFENSA
TERRORISME | ECONOMIA, COMERÇ I FINANCES
MÚSICA | GASTRONOMIA
DEFENSA | TERRORISME
FENÒMENS NATURALS | MEDICINA I SANITAT
TRANSPORTS I COMUNICACIONS | TRANSPORTS I COMUNICACIONS
ECONOMIA, COMERÇ I FINANCES | MÚSICA
JUSTÍCIA I ORDRE  PÚBLIC | POLÍTICA | ACCIDENTS I CATÀSTROFES
DEFENSA | ACCIDENTS I CATÀSTROFES | POLÍTICA
TERRORISME | ACCIDENTS I CATÀSTROFES
FENÒMENS NATURALS | MEDI AMBIENT | AGRICULTURA, RAMADERIA I PESCA
POLÍTICA | TERRORISME | JUSTÍCIA I ORDRE  PÚBLIC
ECONOMIA, COMERÇ I FINANCES | OBRES PÚBLIQUES I INFRAESTRUCTURES | MEDICINA I SANITAT
AGRICULTURA, RAMADERIA I PESCA | ENERGIA
ENSENYAMENT | TURISME
ENERGIA | ECONOMIA, COMERÇ I FINANCES | RELACIONS INTERNACIONALS
MEDICINA I SANITAT | CINEMA
CINEMA | ESPORTS
MÚSICA | URBANISME I HABITATGE
ESPECTACLES | FESTES I TRADICIONS
CIÈNCIA I INVESTIGACIÓ | FENÒMENS NATURALS
AGRICULTURA, RAMADERIA I PESCA | TRANSPORTS I COMUNICACIONS
MITJANS DE COMUNICACIÓ | RELACIONS INTERNACIONALS
CINEMA | LITERATURA
FENÒMENS NATURALS | ECONOMIA, COMERÇ I FINANCES
RELIGIÓ | URBANISME I HABITATGE
ACCIDENTS I CATÀSTROFES | ENERGIA
TERRORISME | MITJANS DE COMUNICACIÓ | JUSTÍCIA I ORDRE  PÚBLIC
ENERGIA | POLÍTICA
ENERGIA | CIÈNCIA I INVESTIGACIÓ
POLÍTICA | MÚSICA
RELACIONS INTERNACIONALS | CULTURA
CULTURA | ENSENYAMENT
TURISME | ENSENYAMENT
TURISME | SOCIETAT | ECONOMIA, COMERÇ I FINANCES
RELIGIÓ | INDÚSTRIA
SOCIETAT | MEDI AMBIENT | POLÍTICA
TRANSPORTS I COMUNICACIONS | POLÍTICA | OBRES PÚBLIQUES I INFRAESTRUCTURES
OBRES PÚBLIQUES I INFRAESTRUCTURES | TRANSPORTS I COMUNICACIONS | ACCIDENTS I CATÀSTROFES
URBANISME I HABITATGE | MITJANS DE COMUNICACIÓ
TREBALL | SOCIETAT | ECONOMIA, COMERÇ I FINANCES
ECONOMIA, COMERÇ I FINANCES | MEDICINA I SANITAT | SOCIETAT
URBANISME I HABITATGE | HISTÒRIA
URBANISME I HABITATGE | RECURSOS TERRITORIALS
RELACIONS INTERNACIONALS | RELIGIÓ
OBRES PÚBLIQUES I INFRAESTRUCTURES | ARTS
SOCIETAT | TERRORISME
RELIGIÓ | POLÍTICA | RELACIONS INTERNACIONALS
JUSTÍCIA I ORDRE  PÚBLIC | OBRES PÚBLIQUES I INFRAESTRUCTURES
TERRORISME | LITERATURA
POLÍTICA | ECONOMIA, COMERÇ I FINANCES | SOCIETAT
SOCIETAT | POLÍTICA | SOCIETAT
POLÍTICA | JUSTÍCIA I ORDRE  PÚBLIC | TERRORISME
ENERGIA | RELACIONS INTERNACIONALS
CIÈNCIA I INVESTIGACIÓ | TREBALL
RELIGIÓ | CULTURA
RELIGIÓ | DEFENSA
ARTS | RELIGIÓ
INDÚSTRIA | TURISME
ESPORTS | GASTRONOMIA
CULTURA | URBANISME I HABITATGE
ARTS | CULTURA | RELIGIÓ
RELIGIÓ | ACCIDENTS I CATÀSTROFES
FENÒMENS NATURALS | ENERGIA
MÚSICA | ARTS
TURISME | TURISME
FESTES I TRADICIONS | MEDI AMBIENT
URBANISME I HABITATGE | ENERGIA
SOCIETAT | ENSENYAMENT | ARTS
POLÍTICA | TERRORISME | CONFLICTES ARMATS
ECONOMIA, COMERÇ I FINANCES | ECONOMIA, COMERÇ I FINANCES
CINEMA | POLÍTICA
TREBALL | SOCIETAT | POLÍTICA
TREBALL | ENERGIA
RELIGIÓ | MÚSICA
MEDI AMBIENT | TAUROMÀQUIA
JUSTÍCIA I ORDRE  PÚBLIC | ACCIDENTS I CATÀSTROFES | CONFLICTES ARMATS
TERRORISME | TRANSPORTS I COMUNICACIONS
URBANISME I HABITATGE | RECURSOS TERRITORIALS | HISTÒRIA
TREBALL | JUSTÍCIA I ORDRE  PÚBLIC | ACCIDENTS I CATÀSTROFES
FESTES I TRADICIONS | URBANISME I HABITATGE
ARTS | ESPECTACLES
SOCIETAT | JUSTÍCIA I ORDRE  PÚBLIC | ECONOMIA, COMERÇ I FINANCES
ECONOMIA, COMERÇ I FINANCES | POLÍTICA | JUSTÍCIA I ORDRE  PÚBLIC
SOCIETAT | ECONOMIA, COMERÇ I FINANCES | ENERGIA
OBRES PÚBLIQUES I INFRAESTRUCTURES | POLÍTICA | JUSTÍCIA I ORDRE  PÚBLIC | ECONOMIA, COMERÇ I FINANCES
POLÍTICA | ECONOMIA, COMERÇ I FINANCES | MEDICINA I SANITAT | JUSTÍCIA I ORDRE  PÚBLIC
JUSTÍCIA I ORDRE  PÚBLIC | OBRES PÚBLIQUES I INFRAESTRUCTURES | SOCIETAT
TERRORISME | RECURSOS TERRITORIALS
JUSTÍCIA I ORDRE  PÚBLIC | RECURSOS TERRITORIALS
MEDICINA I SANITAT | TRANSPORTS I COMUNICACIONS | JUSTÍCIA I ORDRE  PÚBLIC
JUSTÍCIA I ORDRE  PÚBLIC | ACCIDENTS I CATÀSTROFES | CIÈNCIA I INVESTIGACIÓ
ACCIDENTS I CATÀSTROFES | AGRICULTURA, RAMADERIA I PESCA
JUSTÍCIA I ORDRE  PÚBLIC | POLÍTICA | MEDICINA I SANITAT
INDÚSTRIA | RELIGIÓ
ENERGIA | MEDI AMBIENT | POLÍTICA
ESPORTS | POLÍTICA | ESPORTS
AGRICULTURA, RAMADERIA I PESCA | MITJANS DE COMUNICACIÓ
TURISME | MITJANS DE COMUNICACIÓ
OBRES PÚBLIQUES I INFRAESTRUCTURES | OBRES PÚBLIQUES I INFRAESTRUCTURES
ESPORTS | ESPORTS | JUSTÍCIA I ORDRE  PÚBLIC
TERRORISME | ESPORTS
TRANSPORTS I COMUNICACIONS | URBANISME I HABITATGE | ENERGIA
ESPORTS | ESPORTS | ESPORTS | ESPORTS
POLÍTICA | RELIGIÓ | SOCIETAT
FENÒMENS NATURALS | HISTÒRIA
RELACIONS INTERNACIONALS | JUSTÍCIA I ORDRE  PÚBLIC | TERRORISME
CONFLICTES ARMATS | RELIGIÓ | CIÈNCIA I INVESTIGACIÓ | JUSTÍCIA I ORDRE  PÚBLIC
ENSENYAMENT | ENSENYAMENT
JUSTÍCIA I ORDRE  PÚBLIC | ACCIDENTS I CATÀSTROFES | FENÒMENS NATURALS
TERRORISME | JUSTÍCIA I ORDRE  PÚBLIC | POLÍTICA
MÚSICA | LITERATURA
ESPORTS | ESPORTS | ESPORTS
GASTRONOMIA | AGRICULTURA, RAMADERIA I PESCA
AGRICULTURA, RAMADERIA I PESCA | SOCIETAT
SOCIETAT | ECONOMIA, COMERÇ I FINANCES | MEDI AMBIENT
ACCIDENTS I CATÀSTROFES | JUSTÍCIA I ORDRE  PÚBLIC | URBANISME I HABITATGE
ECONOMIA, COMERÇ I FINANCES | GASTRONOMIA | FESTES I TRADICIONS
ECONOMIA, COMERÇ I FINANCES | INDÚSTRIA | ENERGIA
ENERGIA | DEFENSA
ECONOMIA, COMERÇ I FINANCES | MITJANS DE COMUNICACIÓ
ENSENYAMENT | URBANISME I HABITATGE
INDÚSTRIA | URBANISME I HABITATGE
JUSTÍCIA I ORDRE  PÚBLIC | SOCIETAT | CIÈNCIA I INVESTIGACIÓ
AGRICULTURA, RAMADERIA I PESCA | FENÒMENS NATURALS | CIÈNCIA I INVESTIGACIÓ
TURISME | RECURSOS TERRITORIALS
FENÒMENS NATURALS | MITJANS DE COMUNICACIÓ
MEDICINA I SANITAT | ENSENYAMENT | POLÍTICA
ECONOMIA, COMERÇ I FINANCES | POLÍTICA | TREBALL
CULTURA | HISTÒRIA | RECURSOS TERRITORIALS
ECONOMIA, COMERÇ I FINANCES | OBRES PÚBLIQUES I INFRAESTRUCTURES | SOCIETAT
JUSTÍCIA I ORDRE  PÚBLIC | POLÍTICA | SOCIETAT
MÚSICA | POLÍTICA
DEFENSA | RELACIONS INTERNACIONALS | CONFLICTES ARMATS
ECONOMIA, COMERÇ I FINANCES | RELACIONS INTERNACIONALS | POLÍTICA
CULTURA | HISTÒRIA | ARTS
TREBALL | URBANISME I HABITATGE
MÚSICA | ENSENYAMENT | POLÍTICA
SOCIETAT | ESPORTS | MEDICINA I SANITAT
ESPECTACLES | ESPORTS
JUSTÍCIA I ORDRE  PÚBLIC | RELACIONS INTERNACIONALS | TURISME
POLÍTICA | TRANSPORTS I COMUNICACIONS | OBRES PÚBLIQUES I INFRAESTRUCTURES
POLÍTICA | ECONOMIA, COMERÇ I FINANCES | TREBALL
ENSENYAMENT | LITERATURA
TREBALL | ENSENYAMENT | ECONOMIA, COMERÇ I FINANCES
FESTES I TRADICIONS | HISTÒRIA | CINEMA
ACCIDENTS I CATÀSTROFES | OBRES PÚBLIQUES I INFRAESTRUCTURES | TRANSPORTS I COMUNICACIONS
TREBALL | INDÚSTRIA | JUSTÍCIA I ORDRE  PÚBLIC
ECONOMIA, COMERÇ I FINANCES | HISTÒRIA
ACCIDENTS I CATÀSTROFES | RELIGIÓ
TURISME | TRANSPORTS I COMUNICACIONS | FESTES I TRADICIONS
JUSTÍCIA I ORDRE  PÚBLIC | URBANISME I HABITATGE | ECONOMIA, COMERÇ I FINANCES
CONFLICTES ARMATS | DEFENSA | JUSTÍCIA I ORDRE  PÚBLIC
ESPORTS | GASTRONOMIA | ECONOMIA, COMERÇ I FINANCES
MEDICINA I SANITAT | TAUROMÀQUIA
AGRICULTURA, RAMADERIA I PESCA | LITERATURA
ACCIDENTS I CATÀSTROFES | ENSENYAMENT
TREBALL | ECONOMIA, COMERÇ I FINANCES | POLÍTICA
TRANSPORTS I COMUNICACIONS | ENERGIA
ECONOMIA, COMERÇ I FINANCES | ECONOMIA, COMERÇ I FINANCES | INDÚSTRIA
DEFENSA | SOCIETAT
MEDI AMBIENT | RECURSOS TERRITORIALS
MEDICINA I SANITAT | ACTUALITAT ROSA
LITERATURA | ARTS
TURISME | CULTURA | RECURSOS TERRITORIALS
CULTURA | CIÈNCIA I INVESTIGACIÓ
TURISME | TAUROMÀQUIA
ARTS | RELIGIÓ | RECURSOS TERRITORIALS
ACCIDENTS I CATÀSTROFES | MEDI AMBIENT | POLÍTICA
RECURSOS TERRITORIALS | ARTS
JUSTÍCIA I ORDRE  PÚBLIC | HISTÒRIA
HISTÒRIA | RELIGIÓ
POLÍTICA | OBRES PÚBLIQUES I INFRAESTRUCTURES | MEDICINA I SANITAT
ESPORTS | CIÈNCIA I INVESTIGACIÓ
ESPORTS | ENERGIA
TURISME | FENÒMENS NATURALS
ESPECTACLES | RELIGIÓ | FESTES I TRADICIONS
ARTS | FENÒMENS NATURALS
ESPECTACLES | MÚSICA | ECONOMIA, COMERÇ I FINANCES
DEFENSA | TURISME
CINEMA | TURISME
AGRICULTURA, RAMADERIA I PESCA | AGRICULTURA, RAMADERIA I PESCA
FENÒMENS NATURALS | ENERGIA | POLÍTICA
FENÒMENS NATURALS | JUSTÍCIA I ORDRE  PÚBLIC
POLÍTICA | FENÒMENS NATURALS | ENERGIA
FENÒMENS NATURALS | ENERGIA | JUSTÍCIA I ORDRE  PÚBLIC
GASTRONOMIA | CULTURA
GASTRONOMIA | ESPORTS
MEDI AMBIENT | MEDI AMBIENT
DEFENSA | FESTES I TRADICIONS
FESTES I TRADICIONS | SOCIETAT | RELIGIÓ
JUSTÍCIA I ORDRE  PÚBLIC | POLÍTICA | TREBALL
ESPORTS | MITJANS DE COMUNICACIÓ | TREBALL
MEDI AMBIENT | MITJANS DE COMUNICACIÓ
CONFLICTES ARMATS | HISTÒRIA | SOCIETAT
CONFLICTES ARMATS | ENERGIA
SOCIETAT | ENERGIA
TREBALL | OBRES PÚBLIQUES I INFRAESTRUCTURES
SOCIETAT | POLÍTICA | ECONOMIA, COMERÇ I FINANCES
OBRES PÚBLIQUES I INFRAESTRUCTURES | MEDI AMBIENT | POLÍTICA
ECONOMIA, COMERÇ I FINANCES | SOCIETAT | MITJANS DE COMUNICACIÓ
ECONOMIA, COMERÇ I FINANCES | ACCIDENTS I CATÀSTROFES
ECONOMIA, COMERÇ I FINANCES | INDÚSTRIA | TREBALL
AGRICULTURA, RAMADERIA I PESCA | CIÈNCIA I INVESTIGACIÓ | POLÍTICA
POLÍTICA | SOCIETAT | RELIGIÓ
OBRES PÚBLIQUES I INFRAESTRUCTURES | MEDI AMBIENT | AGRICULTURA, RAMADERIA I PESCA
ECONOMIA, COMERÇ I FINANCES | TREBALL | POLÍTICA
JUSTÍCIA I ORDRE  PÚBLIC | ECONOMIA, COMERÇ I FINANCES | MITJANS DE COMUNICACIÓ
JUSTÍCIA I ORDRE  PÚBLIC | TERRORISME | POLÍTICA
MEDI AMBIENT | ACCIDENTS I CATÀSTROFES | JUSTÍCIA I ORDRE  PÚBLIC
MITJANS DE COMUNICACIÓ | GASTRONOMIA
HISTÒRIA | MÚSICA
ACCIDENTS I CATÀSTROFES | POLÍTICA | ENSENYAMENT
POLÍTICA | OBRES PÚBLIQUES I INFRAESTRUCTURES | AGRICULTURA, RAMADERIA I PESCA
MEDICINA I SANITAT | FENÒMENS NATURALS
RELACIONS INTERNACIONALS | DEFENSA | RELACIONS INTERNACIONALS
MÚSICA | RELIGIÓ
CULTURA | OBRES PÚBLIQUES I INFRAESTRUCTURES | ARTS
TRANSPORTS I COMUNICACIONS | RELACIONS INTERNACIONALS
SOCIETAT | DEFENSA | HISTÒRIA
SOCIETAT | POLÍTICA | JUSTÍCIA I ORDRE  PÚBLIC
ACCIDENTS I CATÀSTROFES | RELACIONS INTERNACIONALS | ARTS
ACCIDENTS I CATÀSTROFES | TRANSPORTS I COMUNICACIONS | OBRES PÚBLIQUES I INFRAESTRUCTURES
ECONOMIA, COMERÇ I FINANCES | TRANSPORTS I COMUNICACIONS | OBRES PÚBLIQUES I INFRAESTRUCTURES
OBRES PÚBLIQUES I INFRAESTRUCTURES | ENERGIA | POLÍTICA
SOCIETAT | ECONOMIA, COMERÇ I FINANCES | POLÍTICA
ECONOMIA, COMERÇ I FINANCES | CINEMA | SOCIETAT
SOCIETAT | MEDI AMBIENT | TURISME
ENSENYAMENT | SOCIETAT | RELACIONS INTERNACIONALS
JUSTÍCIA I ORDRE  PÚBLIC | SOCIETAT | ACCIDENTS I CATÀSTROFES
ECONOMIA, COMERÇ I FINANCES | TREBALL | TURISME
SOCIETAT | ARTS | ARTS | TURISME
URBANISME I HABITATGE | ESPECTACLES
POLÍTICA | ESPORTS | MÚSICA
TURISME | SOCIETAT | RELIGIÓ
URBANISME I HABITATGE | HISTÒRIA | CULTURA
ENERGIA | MEDI AMBIENT | OBRES PÚBLIQUES I INFRAESTRUCTURES
MEDICINA I SANITAT | SOCIETAT | POLÍTICA
TURISME | SOCIETAT | ESPORTS
RECURSOS TERRITORIALS | POLÍTICA | SOCIETAT
OBRES PÚBLIQUES I INFRAESTRUCTURES | URBANISME I HABITATGE | POLÍTICA
RECURSOS TERRITORIALS | RELACIONS INTERNACIONALS
CINEMA | ENSENYAMENT
CONFLICTES ARMATS | CINEMA
ECONOMIA, COMERÇ I FINANCES | OBRES PÚBLIQUES I INFRAESTRUCTURES | TRANSPORTS I COMUNICACIONS
ECONOMIA, COMERÇ I FINANCES | RELACIONS INTERNACIONALS | RELACIONS INTERNACIONALS
JUSTÍCIA I ORDRE  PÚBLIC | SOCIETAT | MITJANS DE COMUNICACIÓ
SOCIETAT | FESTES I TRADICIONS | MÚSICA
CINEMA | ARTS
MEDI AMBIENT | OBRES PÚBLIQUES I INFRAESTRUCTURES | SOCIETAT
TREBALL | SOCIETAT | JUSTÍCIA I ORDRE  PÚBLIC
RELIGIÓ | SOCIETAT | POLÍTICA
CULTURA | SOCIETAT | CINEMA
ENSENYAMENT | SOCIETAT | POLÍTICA
MEDI AMBIENT | POLÍTICA | TRANSPORTS I COMUNICACIONS
ECONOMIA, COMERÇ I FINANCES | ARTS
OBRES PÚBLIQUES I INFRAESTRUCTURES | ESPORTS | TREBALL
JUSTÍCIA I ORDRE  PÚBLIC | TRANSPORTS I COMUNICACIONS | ACCIDENTS I CATÀSTROFES
ENSENYAMENT | POLÍTICA | JUSTÍCIA I ORDRE  PÚBLIC
JUSTÍCIA I ORDRE  PÚBLIC | CULTURA | HISTÒRIA
POLÍTICA | OBRES PÚBLIQUES I INFRAESTRUCTURES | URBANISME I HABITATGE
TURISME | ARTS | SOCIETAT
HISTÒRIA | CULTURA | CIÈNCIA I INVESTIGACIÓ
SOCIETAT | ESPECTACLES
JUSTÍCIA I ORDRE  PÚBLIC | ACCIDENTS I CATÀSTROFES | SOCIETAT
JUSTÍCIA I ORDRE  PÚBLIC | ACCIDENTS I CATÀSTROFES | POLÍTICA | CIÈNCIA I INVESTIGACIÓ
TURISME | JUSTÍCIA I ORDRE  PÚBLIC | TRANSPORTS I COMUNICACIONS
ACCIDENTS I CATÀSTROFES | JUSTÍCIA I ORDRE  PÚBLIC | TERRORISME | CULTURA | POLÍTICA
AGRICULTURA, RAMADERIA I PESCA | ENSENYAMENT
ESPORTS | SOCIETAT | POLÍTICA
CULTURA | TRANSPORTS I COMUNICACIONS
ESPECTACLES | CINEMA
HISTÒRIA | MEDI AMBIENT
ESPORTS | ESPORTS | ACCIDENTS I CATÀSTROFES
CIÈNCIA I INVESTIGACIÓ | MEDICINA I SANITAT | SOCIETAT
CIÈNCIA I INVESTIGACIÓ | POLÍTICA
ACCIDENTS I CATÀSTROFES | TRANSPORTS I COMUNICACIONS | TREBALL
DEFENSA | RELACIONS INTERNACIONALS | RELACIONS INTERNACIONALS
RELACIONS INTERNACIONALS | RELACIONS INTERNACIONALS | ECONOMIA, COMERÇ I FINANCES
CONFLICTES ARMATS | RELACIONS INTERNACIONALS | DEFENSA
SOCIETAT | CULTURA | ENSENYAMENT
MITJANS DE COMUNICACIÓ | ECONOMIA, COMERÇ I FINANCES
FENÒMENS NATURALS | OBRES PÚBLIQUES I INFRAESTRUCTURES | POLÍTICA
POLÍTICA | RELACIONS INTERNACIONALS | ECONOMIA, COMERÇ I FINANCES
ACTUALITAT ROSA | CIÈNCIA I INVESTIGACIÓ
SOCIETAT | TAUROMÀQUIA
TURISME | SOCIETAT | MEDI AMBIENT
ESPORTS | SOCIETAT | MEDICINA I SANITAT
HISTÒRIA | MITJANS DE COMUNICACIÓ
MEDI AMBIENT | INDÚSTRIA | ECONOMIA, COMERÇ I FINANCES
RELIGIÓ | SOCIETAT | JUSTÍCIA I ORDRE  PÚBLIC
JUSTÍCIA I ORDRE  PÚBLIC | POLÍTICA | URBANISME I HABITATGE
JUSTÍCIA I ORDRE  PÚBLIC | RELACIONS INTERNACIONALS | RELACIONS INTERNACIONALS
TURISME | MEDI AMBIENT | CULTURA
AGRICULTURA, RAMADERIA I PESCA | TRANSPORTS I COMUNICACIONS | OBRES PÚBLIQUES I INFRAESTRUCTURES
ACCIDENTS I CATÀSTROFES | FENÒMENS NATURALS | DEFENSA
DEFENSA | TRANSPORTS I COMUNICACIONS
MEDI AMBIENT | RELACIONS INTERNACIONALS
FENÒMENS NATURALS | ACCIDENTS I CATÀSTROFES | DEFENSA
ESPECTACLES | POLÍTICA
JUSTÍCIA I ORDRE  PÚBLIC | FENÒMENS NATURALS
POLÍTICA | TERRORISME | RELACIONS INTERNACIONALS
SOCIETAT | DEFENSA
MEDI AMBIENT | POLÍTICA | URBANISME I HABITATGE
FESTES I TRADICIONS | RELIGIÓ | SOCIETAT
FESTES I TRADICIONS | MEDI AMBIENT | SOCIETAT
SOCIETAT | RELIGIÓ | FESTES I TRADICIONS
ACCIDENTS I CATÀSTROFES | SOCIETAT | OBRES PÚBLIQUES I INFRAESTRUCTURES
JUSTÍCIA I ORDRE  PÚBLIC | OBRES PÚBLIQUES I INFRAESTRUCTURES | TURISME
OBRES PÚBLIQUES I INFRAESTRUCTURES | ARTS | URBANISME I HABITATGE
ARTS | CULTURA | HISTÒRIA
ECONOMIA, COMERÇ I FINANCES | INDÚSTRIA | POLÍTICA
SOCIETAT | OBRES PÚBLIQUES I INFRAESTRUCTURES | TRANSPORTS I COMUNICACIONS
OBRES PÚBLIQUES I INFRAESTRUCTURES | JUSTÍCIA I ORDRE  PÚBLIC | TURISME
HISTÒRIA | SOCIETAT | CULTURA
ARTS | TRANSPORTS I COMUNICACIONS
POLÍTICA | ECONOMIA, COMERÇ I FINANCES | CIÈNCIA I INVESTIGACIÓ
MEDICINA I SANITAT | CIÈNCIA I INVESTIGACIÓ | POLÍTICA
POLÍTICA | CIÈNCIA I INVESTIGACIÓ | MEDICINA I SANITAT
SOCIETAT | INDÚSTRIA | AGRICULTURA, RAMADERIA I PESCA
CINEMA | MITJANS DE COMUNICACIÓ | SOCIETAT
SOCIETAT | MITJANS DE COMUNICACIÓ | JUSTÍCIA I ORDRE  PÚBLIC
RELACIONS INTERNACIONALS | TERRORISME | JUSTÍCIA I ORDRE  PÚBLIC
CINEMA | ECONOMIA, COMERÇ I FINANCES
JUSTÍCIA I ORDRE  PÚBLIC | TERRORISME | RELACIONS INTERNACIONALS
ENSENYAMENT | MÚSICA | TRANSPORTS I COMUNICACIONS
URBANISME I HABITATGE | ECONOMIA, COMERÇ I FINANCES | JUSTÍCIA I ORDRE  PÚBLIC
RELACIONS INTERNACIONALS | CONFLICTES ARMATS | TREBALL
CONFLICTES ARMATS | JUSTÍCIA I ORDRE  PÚBLIC | DEFENSA
JUSTÍCIA I ORDRE  PÚBLIC | MITJANS DE COMUNICACIÓ | SOCIETAT
RELIGIÓ | SOCIETAT | FESTES I TRADICIONS
SOCIETAT | CIÈNCIA I INVESTIGACIÓ | OBRES PÚBLIQUES I INFRAESTRUCTURES
SOCIETAT | TRANSPORTS I COMUNICACIONS | TURISME | FESTES I TRADICIONS
ESPORTS | MITJANS DE COMUNICACIÓ | SOCIETAT
ECONOMIA, COMERÇ I FINANCES | SOCIETAT | JUSTÍCIA I ORDRE  PÚBLIC
FESTES I TRADICIONS | ESPECTACLES | RELIGIÓ
CONFLICTES ARMATS | JUSTÍCIA I ORDRE  PÚBLIC | TERRORISME
SOCIETAT | FESTES I TRADICIONS | ACCIDENTS I CATÀSTROFES
POLÍTICA | INDÚSTRIA | ECONOMIA, COMERÇ I FINANCES
POLÍTICA | JUSTÍCIA I ORDRE  PÚBLIC | URBANISME I HABITATGE
JUSTÍCIA I ORDRE  PÚBLIC | URBANISME I HABITATGE | POLÍTICA
JUSTÍCIA I ORDRE  PÚBLIC | SOCIETAT | RELACIONS INTERNACIONALS | CONFLICTES ARMATS
ACCIDENTS I CATÀSTROFES | POLÍTICA | RELACIONS INTERNACIONALS
MEDICINA I SANITAT | INDÚSTRIA | CIÈNCIA I INVESTIGACIÓ
MEDICINA I SANITAT | SOCIETAT | CONFLICTES ARMATS
RELACIONS INTERNACIONALS | ECONOMIA, COMERÇ I FINANCES | POLÍTICA
CIÈNCIA I INVESTIGACIÓ | ACCIDENTS I CATÀSTROFES
SOCIETAT | FESTES I TRADICIONS | TURISME
URBANISME I HABITATGE | JUSTÍCIA I ORDRE  PÚBLIC | MEDI AMBIENT
TREBALL | POLÍTICA | ECONOMIA, COMERÇ I FINANCES
POLÍTICA | SOCIETAT | TREBALL
JUSTÍCIA I ORDRE  PÚBLIC | POLÍTICA | FESTES I TRADICIONS
ENSENYAMENT | SOCIETAT | JUSTÍCIA I ORDRE  PÚBLIC
URBANISME I HABITATGE | ECONOMIA, COMERÇ I FINANCES | SOCIETAT
SOCIETAT | MITJANS DE COMUNICACIÓ | MEDI AMBIENT
FENÒMENS NATURALS | ACCIDENTS I CATÀSTROFES | MEDI AMBIENT
JUSTÍCIA I ORDRE  PÚBLIC | DEFENSA | POLÍTICA
SOCIETAT | MEDICINA I SANITAT | ENSENYAMENT | JUSTÍCIA I ORDRE  PÚBLIC
ECONOMIA, COMERÇ I FINANCES | POLÍTICA | TRANSPORTS I COMUNICACIONS
SOCIETAT | CINEMA | ACCIDENTS I CATÀSTROFES
MEDICINA I SANITAT | AGRICULTURA, RAMADERIA I PESCA | JUSTÍCIA I ORDRE  PÚBLIC
URBANISME I HABITATGE | TRANSPORTS I COMUNICACIONS | MEDI AMBIENT
ECONOMIA, COMERÇ I FINANCES | SOCIETAT | TERRORISME
OBRES PÚBLIQUES I INFRAESTRUCTURES | FESTES I TRADICIONS | MEDI AMBIENT
JUSTÍCIA I ORDRE  PÚBLIC | TERRORISME | ESPORTS
SOCIETAT | ESPECTACLES | CINEMA
CONFLICTES ARMATS | CIÈNCIA I INVESTIGACIÓ
JUSTÍCIA I ORDRE  PÚBLIC | ACCIDENTS I CATÀSTROFES | OBRES PÚBLIQUES I INFRAESTRUCTURES
CIÈNCIA I INVESTIGACIÓ | ACCIDENTS I CATÀSTROFES | MEDI AMBIENT
SOCIETAT | CINEMA | MÚSICA
CONFLICTES ARMATS | ACCIDENTS I CATÀSTROFES | RELACIONS INTERNACIONALS
SOCIETAT | MÚSICA | JUSTÍCIA I ORDRE  PÚBLIC
ACCIDENTS I CATÀSTROFES | TERRORISME | JUSTÍCIA I ORDRE  PÚBLIC
TAUROMÀQUIA | FESTES I TRADICIONS
CONFLICTES ARMATS | MEDI AMBIENT | CIÈNCIA I INVESTIGACIÓ
ECONOMIA, COMERÇ I FINANCES | URBANISME I HABITATGE | TURISME
MITJANS DE COMUNICACIÓ | TURISME | TRANSPORTS I COMUNICACIONS
ENSENYAMENT | OBRES PÚBLIQUES I INFRAESTRUCTURES | CULTURA
OBRES PÚBLIQUES I INFRAESTRUCTURES | TURISME | MEDICINA I SANITAT
TRANSPORTS I COMUNICACIONS | TURISME | ECONOMIA, COMERÇ I FINANCES
JUSTÍCIA I ORDRE  PÚBLIC | RELACIONS INTERNACIONALS | TERRORISME
CINEMA | INDÚSTRIA
OBRES PÚBLIQUES I INFRAESTRUCTURES | ENERGIA
TAUROMÀQUIA | ACCIDENTS I CATÀSTROFES
RELACIONS INTERNACIONALS | RELIGIÓ | TREBALL
OBRES PÚBLIQUES I INFRAESTRUCTURES | POLÍTICA | AGRICULTURA, RAMADERIA I PESCA
ENSENYAMENT | ARTS
ACCIDENTS I CATÀSTROFES | JUSTÍCIA I ORDRE  PÚBLIC | MEDI AMBIENT
ACCIDENTS I CATÀSTROFES | JUSTÍCIA I ORDRE  PÚBLIC | TERRORISME
MITJANS DE COMUNICACIÓ | ARTS
SOCIETAT | ACTUALITAT ROSA
ENSENYAMENT | AGRICULTURA, RAMADERIA I PESCA | FESTES I TRADICIONS
DEFENSA | CONFLICTES ARMATS | TERRORISME | JUSTÍCIA I ORDRE  PÚBLIC
ECONOMIA, COMERÇ I FINANCES | MEDICINA I SANITAT | OBRES PÚBLIQUES I INFRAESTRUCTURES
ACCIDENTS I CATÀSTROFES | JUSTÍCIA I ORDRE  PÚBLIC | POLÍTICA
INDÚSTRIA | TREBALL | POLÍTICA
POLÍTICA | JUSTÍCIA I ORDRE  PÚBLIC | ACCIDENTS I CATÀSTROFES | CONFLICTES ARMATS
ESPORTS | SOCIETAT | ECONOMIA, COMERÇ I FINANCES
RELACIONS INTERNACIONALS | MITJANS DE COMUNICACIÓ
MEDI AMBIENT | SOCIETAT | TRANSPORTS I COMUNICACIONS
POLÍTICA | ECONOMIA, COMERÇ I FINANCES | RELACIONS INTERNACIONALS
POLÍTICA | RELIGIÓ | FENÒMENS NATURALS | ACCIDENTS I CATÀSTROFES
CONFLICTES ARMATS | RELACIONS INTERNACIONALS | MEDICINA I SANITAT
CONFLICTES ARMATS | POLÍTICA | JUSTÍCIA I ORDRE  PÚBLIC
ARTS | MITJANS DE COMUNICACIÓ | SOCIETAT
TURISME | HISTÒRIA
POLÍTICA | JUSTÍCIA I ORDRE  PÚBLIC | CONFLICTES ARMATS
FESTES I TRADICIONS | CINEMA
DEFENSA | JUSTÍCIA I ORDRE  PÚBLIC | TERRORISME
CONFLICTES ARMATS | ACCIDENTS I CATÀSTROFES
POLÍTICA | ENERGIA | JUSTÍCIA I ORDRE  PÚBLIC
POLÍTICA | MEDI AMBIENT | TURISME
CIÈNCIA I INVESTIGACIÓ | CINEMA | JUSTÍCIA I ORDRE  PÚBLIC
MITJANS DE COMUNICACIÓ | TAUROMÀQUIA
OBRES PÚBLIQUES I INFRAESTRUCTURES | SOCIETAT | ENSENYAMENT
OBRES PÚBLIQUES I INFRAESTRUCTURES | TRANSPORTS I COMUNICACIONS | RELIGIÓ
ENERGIA | OBRES PÚBLIQUES I INFRAESTRUCTURES
ACCIDENTS I CATÀSTROFES | CONFLICTES ARMATS | JUSTÍCIA I ORDRE  PÚBLIC
SOCIETAT | OBRES PÚBLIQUES I INFRAESTRUCTURES | CULTURA | ENSENYAMENT
GASTRONOMIA | MEDI AMBIENT | AGRICULTURA, RAMADERIA I PESCA
TRANSPORTS I COMUNICACIONS | SOCIETAT | JUSTÍCIA I ORDRE  PÚBLIC
MEDI AMBIENT | TURISME | POLÍTICA
INDÚSTRIA | OBRES PÚBLIQUES I INFRAESTRUCTURES
ACCIDENTS I CATÀSTROFES | TRANSPORTS I COMUNICACIONS | JUSTÍCIA I ORDRE  PÚBLIC
ARTS | RELIGIÓ | OBRES PÚBLIQUES I INFRAESTRUCTURES
JUSTÍCIA I ORDRE  PÚBLIC | TRANSPORTS I COMUNICACIONS | ECONOMIA, COMERÇ I FINANCES
SOCIETAT | TURISME | OBRES PÚBLIQUES I INFRAESTRUCTURES
RELACIONS INTERNACIONALS | ACCIDENTS I CATÀSTROFES
ENSENYAMENT | MITJANS DE COMUNICACIÓ | CULTURA
ACCIDENTS I CATÀSTROFES | JUSTÍCIA I ORDRE  PÚBLIC | DEFENSA
FESTES I TRADICIONS | HISTÒRIA | RELIGIÓ
MEDI AMBIENT | TRANSPORTS I COMUNICACIONS | JUSTÍCIA I ORDRE  PÚBLIC
ARTS | OBRES PÚBLIQUES I INFRAESTRUCTURES
AGRICULTURA, RAMADERIA I PESCA | GASTRONOMIA
POLÍTICA | TURISME | MEDI AMBIENT
TURISME | MÚSICA
POLÍTICA | MEDI AMBIENT | ECONOMIA, COMERÇ I FINANCES
CONFLICTES ARMATS | POLÍTICA | ACCIDENTS I CATÀSTROFES
POLÍTICA | ESPECTACLES
HISTÒRIA | ACCIDENTS I CATÀSTROFES | TRANSPORTS I COMUNICACIONS | DEFENSA
TREBALL | TERRORISME | JUSTÍCIA I ORDRE  PÚBLIC
ACCIDENTS I CATÀSTROFES | CONFLICTES ARMATS | POLÍTICA
INDÚSTRIA | CIÈNCIA I INVESTIGACIÓ | MEDI AMBIENT
JUSTÍCIA I ORDRE  PÚBLIC | CONFLICTES ARMATS | FENÒMENS NATURALS | ACCIDENTS I CATÀSTROFES
POLÍTICA | SOCIETAT | RECURSOS TERRITORIALS
CONFLICTES ARMATS | RELACIONS INTERNACIONALS | JUSTÍCIA I ORDRE  PÚBLIC
ESPECTACLES | ESPORTS | MÚSICA
MEDICINA I SANITAT | AGRICULTURA, RAMADERIA I PESCA | RELACIONS INTERNACIONALS
TRANSPORTS I COMUNICACIONS | AGRICULTURA, RAMADERIA I PESCA | ECONOMIA, COMERÇ I FINANCES
ARTS | ACCIDENTS I CATÀSTROFES
CIÈNCIA I INVESTIGACIÓ | GASTRONOMIA
RELACIONS INTERNACIONALS | RELACIONS INTERNACIONALS | DEFENSA
JUSTÍCIA I ORDRE  PÚBLIC | CONFLICTES ARMATS | SOCIETAT
ACCIDENTS I CATÀSTROFES | MEDICINA I SANITAT | JUSTÍCIA I ORDRE  PÚBLIC
ACCIDENTS I CATÀSTROFES | JUSTÍCIA I ORDRE  PÚBLIC | SOCIETAT | POLÍTICA
ENERGIA | TREBALL | AGRICULTURA, RAMADERIA I PESCA
POLÍTICA | RELACIONS INTERNACIONALS | JUSTÍCIA I ORDRE  PÚBLIC
ACTUALITAT ROSA | SOCIETAT
URBANISME I HABITATGE | TURISME | ARTS
JUSTÍCIA I ORDRE  PÚBLIC | ECONOMIA, COMERÇ I FINANCES | POLÍTICA
ACCIDENTS I CATÀSTROFES | JUSTÍCIA I ORDRE  PÚBLIC | SOCIETAT
MEDICINA I SANITAT | POLÍTICA | TURISME
AGRICULTURA, RAMADERIA I PESCA | ECONOMIA, COMERÇ I FINANCES | RELACIONS INTERNACIONALS
RECURSOS TERRITORIALS | MEDI AMBIENT | SOCIETAT
CULTURA | CONFLICTES ARMATS
TERRORISME | RELACIONS INTERNACIONALS | JUSTÍCIA I ORDRE  PÚBLIC
ACCIDENTS I CATÀSTROFES | MEDI AMBIENT | JUSTÍCIA I ORDRE  PÚBLIC
ECONOMIA, COMERÇ I FINANCES | URBANISME I HABITATGE | SOCIETAT
JUSTÍCIA I ORDRE  PÚBLIC | SOCIETAT | POLÍTICA
ACCIDENTS I CATÀSTROFES | MEDI AMBIENT | FENÒMENS NATURALS
FESTES I TRADICIONS | SOCIETAT | MÚSICA
CULTURA | URBANISME I HABITATGE | ECONOMIA, COMERÇ I FINANCES
FESTES I TRADICIONS | SOCIETAT | ECONOMIA, COMERÇ I FINANCES
INDÚSTRIA | ESPORTS
CONFLICTES ARMATS | SOCIETAT | HISTÒRIA
JUSTÍCIA I ORDRE  PÚBLIC | POLÍTICA | RELACIONS INTERNACIONALS
RECURSOS TERRITORIALS | CULTURA | POLÍTICA
AGRICULTURA, RAMADERIA I PESCA | GASTRONOMIA | ECONOMIA, COMERÇ I FINANCES
TRANSPORTS I COMUNICACIONS | TREBALL | TURISME | ECONOMIA, COMERÇ I FINANCES
ENERGIA | TURISME
SOCIETAT | SOCIETAT
TERRORISME | RELACIONS INTERNACIONALS | MEDI AMBIENT
FENÒMENS NATURALS | MEDI AMBIENT | SOCIETAT
MEDICINA I SANITAT | CIÈNCIA I INVESTIGACIÓ | SOCIETAT
SOCIETAT | MEDICINA I SANITAT | ESPORTS
RELACIONS INTERNACIONALS | RELACIONS INTERNACIONALS | ENERGIA
ECONOMIA, COMERÇ I FINANCES | POLÍTICA | OBRES PÚBLIQUES I INFRAESTRUCTURES
CULTURA | ECONOMIA, COMERÇ I FINANCES | HISTÒRIA
ECONOMIA, COMERÇ I FINANCES | POLÍTICA | DEFENSA
JUSTÍCIA I ORDRE  PÚBLIC | HISTÒRIA | URBANISME I HABITATGE
ESPECTACLES | POLÍTICA | ECONOMIA, COMERÇ I FINANCES
TRANSPORTS I COMUNICACIONS | POLÍTICA | FESTES I TRADICIONS
TRANSPORTS I COMUNICACIONS | TREBALL | POLÍTICA
TRANSPORTS I COMUNICACIONS | ECONOMIA, COMERÇ I FINANCES | POLÍTICA
HISTÒRIA | INDÚSTRIA
TREBALL | JUSTÍCIA I ORDRE  PÚBLIC | TRANSPORTS I COMUNICACIONS
TREBALL | TERRORISME
JUSTÍCIA I ORDRE  PÚBLIC | INDÚSTRIA
ECONOMIA, COMERÇ I FINANCES | FESTES I TRADICIONS | ESPECTACLES
HISTÒRIA | MEDICINA I SANITAT
TURISME | ECONOMIA, COMERÇ I FINANCES | FESTES I TRADICIONS
FESTES I TRADICIONS | TURISME | ECONOMIA, COMERÇ I FINANCES
INDÚSTRIA | INDÚSTRIA
ARTS | FESTES I TRADICIONS
INDÚSTRIA | RELACIONS INTERNACIONALS | ECONOMIA, COMERÇ I FINANCES
FENÒMENS NATURALS | MITJANS DE COMUNICACIÓ | ARTS
TRANSPORTS I COMUNICACIONS | TURISME | FENÒMENS NATURALS
ECONOMIA, COMERÇ I FINANCES | POLÍTICA | MEDICINA I SANITAT
POLÍTICA | ENSENYAMENT | TREBALL
ARTS | ECONOMIA, COMERÇ I FINANCES | TRANSPORTS I COMUNICACIONS
TURISME | OBRES PÚBLIQUES I INFRAESTRUCTURES | ECONOMIA, COMERÇ I FINANCES
ECONOMIA, COMERÇ I FINANCES | ENERGIA | RELACIONS INTERNACIONALS
DEFENSA | CONFLICTES ARMATS | TERRORISME | POLÍTICA
DEFENSA | ENERGIA | POLÍTICA
RECURSOS TERRITORIALS | TURISME | SOCIETAT
ENSENYAMENT | TAUROMÀQUIA
RECURSOS TERRITORIALS | ARTS | RELIGIÓ
ENSENYAMENT | HISTÒRIA
TURISME | INDÚSTRIA
POLÍTICA | ECONOMIA, COMERÇ I FINANCES | INDÚSTRIA
INDÚSTRIA | JUSTÍCIA I ORDRE  PÚBLIC | POLÍTICA
CULTURA | SOCIETAT | MEDI AMBIENT
ECONOMIA, COMERÇ I FINANCES | POLÍTICA | RELACIONS INTERNACIONALS
JUSTÍCIA I ORDRE  PÚBLIC | TREBALL | POLÍTICA
POLÍTICA | OBRES PÚBLIQUES I INFRAESTRUCTURES | CULTURA
ECONOMIA, COMERÇ I FINANCES | POLÍTICA | MEDI AMBIENT
RECURSOS TERRITORIALS | TURISME | CULTURA | ECONOMIA, COMERÇ I FINANCES
POLÍTICA | RELACIONS INTERNACIONALS | SOCIETAT
ACCIDENTS I CATÀSTROFES | JUSTÍCIA I ORDRE  PÚBLIC | ENERGIA
POLÍTICA | MEDICINA I SANITAT | OBRES PÚBLIQUES I INFRAESTRUCTURES
ECONOMIA, COMERÇ I FINANCES | INDÚSTRIA | AGRICULTURA, RAMADERIA I PESCA
JUSTÍCIA I ORDRE  PÚBLIC | ESPORTS | CIÈNCIA I INVESTIGACIÓ
RELIGIÓ | FENÒMENS NATURALS
ESPORTS | TURISME | ECONOMIA, COMERÇ I FINANCES
URBANISME I HABITATGE | OBRES PÚBLIQUES I INFRAESTRUCTURES | MEDI AMBIENT
ACCIDENTS I CATÀSTROFES | ENERGIA | POLÍTICA
TREBALL | ENSENYAMENT | MEDICINA I SANITAT
MEDI AMBIENT | ENSENYAMENT
MÚSICA | ACCIDENTS I CATÀSTROFES
CULTURA | HISTÒRIA | AGRICULTURA, RAMADERIA I PESCA
SOCIETAT | JUSTÍCIA I ORDRE  PÚBLIC | ACCIDENTS I CATÀSTROFES
JUSTÍCIA I ORDRE  PÚBLIC | RELIGIÓ | RELACIONS INTERNACIONALS
CULTURA | POLÍTICA | TURISME
URBANISME I HABITATGE | ENSENYAMENT
ENERGIA | POLÍTICA | MEDI AMBIENT
FENÒMENS NATURALS | ACCIDENTS I CATÀSTROFES | SOCIETAT
ECONOMIA, COMERÇ I FINANCES | ACCIDENTS I CATÀSTROFES | FENÒMENS NATURALS
POLÍTICA | CULTURA | CIÈNCIA I INVESTIGACIÓ
TRANSPORTS I COMUNICACIONS | TRANSPORTS I COMUNICACIONS | TRANSPORTS I COMUNICACIONS
MITJANS DE COMUNICACIÓ | ESPECTACLES
JUSTÍCIA I ORDRE  PÚBLIC | LITERATURA
MITJANS DE COMUNICACIÓ | RELIGIÓ
ECONOMIA, COMERÇ I FINANCES | RELIGIÓ
URBANISME I HABITATGE | FESTES I TRADICIONS
JUSTÍCIA I ORDRE  PÚBLIC | ACCIDENTS I CATÀSTROFES | TERRORISME
ESPECTACLES | TERRORISME
TERRORISME | CIÈNCIA I INVESTIGACIÓ
MEDI AMBIENT | ECONOMIA, COMERÇ I FINANCES | AGRICULTURA, RAMADERIA I PESCA
LITERATURA | RELACIONS INTERNACIONALS
CONFLICTES ARMATS | ACCIDENTS I CATÀSTROFES | POLÍTICA
RECURSOS TERRITORIALS | CULTURA
OBRES PÚBLIQUES I INFRAESTRUCTURES | TERRORISME
CINEMA | JUSTÍCIA I ORDRE  PÚBLIC | SOCIETAT
RELIGIÓ | POLÍTICA | FENÒMENS NATURALS | SOCIETAT
CINEMA | FENÒMENS NATURALS
MEDI AMBIENT | FESTES I TRADICIONS
POLÍTICA | ACCIDENTS I CATÀSTROFES | TERRORISME
ACCIDENTS I CATÀSTROFES | CONFLICTES ARMATS | CIÈNCIA I INVESTIGACIÓ
CINEMA | RELIGIÓ
TRANSPORTS I COMUNICACIONS | CULTURA
AGRICULTURA, RAMADERIA I PESCA | URBANISME I HABITATGE
ENSENYAMENT | AGRICULTURA, RAMADERIA I PESCA
RELIGIÓ | TERRORISME
ENSENYAMENT | DEFENSA
SOCIETAT | MEDICINA I SANITAT | RELIGIÓ
ARTS | CINEMA
TURISME | ENERGIA
ACCIDENTS I CATÀSTROFES | TREBALL | JUSTÍCIA I ORDRE  PÚBLIC
OBRES PÚBLIQUES I INFRAESTRUCTURES | FESTES I TRADICIONS
CULTURA | FENÒMENS NATURALS
CINEMA | TERRORISME
ECONOMIA, COMERÇ I FINANCES | URBANISME I HABITATGE | JUSTÍCIA I ORDRE  PÚBLIC
CINEMA | CIÈNCIA I INVESTIGACIÓ
JUSTÍCIA I ORDRE  PÚBLIC | ENSENYAMENT | SOCIETAT
RELACIONS INTERNACIONALS | FENÒMENS NATURALS
POLÍTICA | ECONOMIA, COMERÇ I FINANCES | ESPORTS | AGRICULTURA, RAMADERIA I PESCA
JUSTÍCIA I ORDRE  PÚBLIC | POLÍTICA | TERRORISME
TERRORISME | JUSTÍCIA I ORDRE  PÚBLIC | ACCIDENTS I CATÀSTROFES
ACCIDENTS I CATÀSTROFES | TAUROMÀQUIA
ACTUALITAT ROSA | POLÍTICA
MEDICINA I SANITAT | TERRORISME | FENÒMENS NATURALS
RELIGIÓ | HISTÒRIA
ACCIDENTS I CATÀSTROFES | ENERGIA | ESPORTS
ECONOMIA, COMERÇ I FINANCES | TRANSPORTS I COMUNICACIONS | AGRICULTURA, RAMADERIA I PESCA
JUSTÍCIA I ORDRE  PÚBLIC | TURISME | TRANSPORTS I COMUNICACIONS
CIÈNCIA I INVESTIGACIÓ | SOCIETAT | JUSTÍCIA I ORDRE  PÚBLIC
OBRES PÚBLIQUES I INFRAESTRUCTURES | POLÍTICA | MEDI AMBIENT | JUSTÍCIA I ORDRE  PÚBLIC
JUSTÍCIA I ORDRE  PÚBLIC | TURISME | SOCIETAT
SOCIETAT | ACCIDENTS I CATÀSTROFES | MEDICINA I SANITAT
JUSTÍCIA I ORDRE  PÚBLIC | FESTES I TRADICIONS | ACCIDENTS I CATÀSTROFES
TERRORISME | ACCIDENTS I CATÀSTROFES | MEDICINA I SANITAT
AGRICULTURA, RAMADERIA I PESCA | MEDI AMBIENT | FESTES I TRADICIONS | JUSTÍCIA I ORDRE  PÚBLIC
CIÈNCIA I INVESTIGACIÓ | RELIGIÓ | FESTES I TRADICIONS
JUSTÍCIA I ORDRE  PÚBLIC | ACTUALITAT ROSA
HISTÒRIA | ENSENYAMENT
MEDI AMBIENT | AGRICULTURA, RAMADERIA I PESCA | SOCIETAT
MEDICINA I SANITAT | GASTRONOMIA | ECONOMIA, COMERÇ I FINANCES
SOCIETAT | TURISME | FESTES I TRADICIONS
ENSENYAMENT | GASTRONOMIA
JUSTÍCIA I ORDRE  PÚBLIC | ACCIDENTS I CATÀSTROFES | TURISME
ENSENYAMENT | ACCIDENTS I CATÀSTROFES | ECONOMIA, COMERÇ I FINANCES
FENÒMENS NATURALS | RELACIONS INTERNACIONALS
RELIGIÓ | SOCIETAT | ACCIDENTS I CATÀSTROFES
TURISME | JUSTÍCIA I ORDRE  PÚBLIC | ACCIDENTS I CATÀSTROFES
URBANISME I HABITATGE | SOCIETAT | TRANSPORTS I COMUNICACIONS
TERRORISME | OBRES PÚBLIQUES I INFRAESTRUCTURES
JUSTÍCIA I ORDRE  PÚBLIC | TERRORISME | ENSENYAMENT
FESTES I TRADICIONS | MITJANS DE COMUNICACIÓ | CINEMA
MÚSICA | HISTÒRIA
SOCIETAT | HISTÒRIA | JUSTÍCIA I ORDRE  PÚBLIC
ACCIDENTS I CATÀSTROFES | TRANSPORTS I COMUNICACIONS | GASTRONOMIA
ENERGIA | URBANISME I HABITATGE | JUSTÍCIA I ORDRE  PÚBLIC
CIÈNCIA I INVESTIGACIÓ | JUSTÍCIA I ORDRE  PÚBLIC | MITJANS DE COMUNICACIÓ
POLÍTICA | ACCIDENTS I CATÀSTROFES | JUSTÍCIA I ORDRE  PÚBLIC | AGRICULTURA, RAMADERIA I PESCA
FENÒMENS NATURALS | JUSTÍCIA I ORDRE  PÚBLIC | MEDI AMBIENT
POLÍTICA | TERRORISME | ACCIDENTS I CATÀSTROFES
HISTÒRIA | TRANSPORTS I COMUNICACIONS
JUSTÍCIA I ORDRE  PÚBLIC | URBANISME I HABITATGE | ENERGIA
JUSTÍCIA I ORDRE  PÚBLIC | ENSENYAMENT | AGRICULTURA, RAMADERIA I PESCA | ECONOMIA, COMERÇ I FINANCES
ACCIDENTS I CATÀSTROFES | POLÍTICA | ECONOMIA, COMERÇ I FINANCES
MEDI AMBIENT | CONFLICTES ARMATS | HISTÒRIA
ARTS | URBANISME I HABITATGE
ESPORTS | POLÍTICA | OBRES PÚBLIQUES I INFRAESTRUCTURES
TURISME | GASTRONOMIA
HISTÒRIA | CONFLICTES ARMATS
ACCIDENTS I CATÀSTROFES | ENERGIA | MEDI AMBIENT
FESTES I TRADICIONS | TERRORISME
TURISME | URBANISME I HABITATGE | ENERGIA
ECONOMIA, COMERÇ I FINANCES | TREBALL | URBANISME I HABITATGE
ECONOMIA, COMERÇ I FINANCES | MITJANS DE COMUNICACIÓ | ESPORTS
CULTURA | ARTS | FESTES I TRADICIONS | MEDI AMBIENT
FESTES I TRADICIONS | SOCIETAT | POLÍTICA
CONFLICTES ARMATS | RELACIONS INTERNACIONALS | TERRORISME
ECONOMIA, COMERÇ I FINANCES | RELACIONS INTERNACIONALS | POLÍTICA | MITJANS DE COMUNICACIÓ
SOCIETAT | ENSENYAMENT | TREBALL
DEFENSA | RELIGIÓ | JUSTÍCIA I ORDRE  PÚBLIC
TRANSPORTS I COMUNICACIONS | ACCIDENTS I CATÀSTROFES | FESTES I TRADICIONS
ENERGIA | MEDICINA I SANITAT
HISTÒRIA | INDÚSTRIA | ESPORTS
RELACIONS INTERNACIONALS | OBRES PÚBLIQUES I INFRAESTRUCTURES
TURISME | TERRORISME
